ID,ROK,KOLOR,NAZWA WINA,POCHODZENIE,SZCZEP,BECZKA,OPIS,ALK.,POJ.,CENA NETTO,IMAGES,KRAJ,
NB.01,24,Białe,Neblina Sauvignon Blanc,Central Valley - Chile,85% Sauvignon Blanc z 15% dodatkiem innych odmian.,,"Wino wytrawne. Zielonkawa barwa. Nos z aromatem owoców cytrusowych, grejpfruta i ziół. W smaku świeże, dobrze wyważone, dające odczucie wina półwytrawnego. Ręcz nie i mechanicznie zbierane winogrona dojrzewają 2 miesiące w kadzi ze stali nierdzewnej. Polecane do ryb i owoców morza.",12,75cl,"25,00",NB.01.png,Chile,Otwórz plik
NB.04,24,Białe,Neblina Chardonnay,Central Valley - Chile,95% Chardonnay z 5% dodatkiem innych odmian.,,"Wino wytrawne. Intensywne i świeże aromaty z owocami cytrusowymi, gruszką i ananasem. W smaku świeże, delikatne i wyważone. Ręcznie oraz mechanicznie zbierane winogrona (plon z 1 ha winnicy 10-20 ton) dojrzewają 2 miesiące w kadzi ze stali nierdzewnej. Polecane do ryb i owoców morza.",12,75cl,"25,00",NB.04.png,Chile,Otwórz plik
NB.02,22,Czerwone,Neblina Cabernet Sauvignon,Central Valley - Chile,85% Cabernet Sauvignon z 15% dodatkiem innych odmian.,,"Wino wytrawne. Rubinowa barwa z fioletowymi refleksami. Intensywne aromaty śliwki z nutami czekolady. Dobrze wyważone, z ułożonymi taninami i świetnym zakończeniem. Ręcznie (40%) oraz mechanicznie (60%) zbierane winogrona dojrzewają 4 miesiące w kadzi ze stali nierdzewnej. Polecane do grillowanego czerwonego mięsa.",12,75cl,"25,00",NB.02.png,Chile,Otwórz plik
NB.23,22,Białe,Cono Sur 20 Barrels Chardonnay Limited Edition,Casablanca Valley - Chile,Chardonnay 100%,85% wina 8 miesięcy,"Wino wytrawne. Wino dojrzewało 8 miesięcy we francuskim dębie. Bogate, w aromaty grejpfruta, limonki, białych kwiatów dobrze współistniejące z nutami tostu i migdałów. W smaku dobrze skoncentrowane, o dobrej kwasowości i mineralności. Znakomite do owoców morza, białego mięsa, łososia, makaronów, serów, orzechów, sałatek i deserów. Szczep: 100% Chardonnay Nazwa 20 Barrels odnosi się do roku 1996 kiedy to firma Cono Sur użyła 20 beczek do produkcji pierwszego wina ultra premium. 85% wina leżakowało, w beczkach z francuskiego dębu przez okres 8 miesięcy.","13,5",75cl,"90,00",NB.23.png,Chile,❌ brak pliku
NB.32,20,Czerwone,Cono Sur 20 Barrels Syrah Limited Edition,Limarí Valley - Chile,Syrah,16 miesięcy,"Wino wytrawne. Syrah o żywej czerwono-fioletowej barwie. Bogactwo aromatów, począwszy od malin, oliwek po fiołki. Intensywne i zrównoważone w ustach z długimi, trwałymi taninami. Idealnie nadaje się do podawania do wszystkich rodzajów mięs, wędlin, sałatki z wołowiną i makaronem. Wino leżakuje w beczkach z dębu francuskiego przez 17 miesięcy oraz 3 miesiące w zbiornikach ze stali nierdzewnej. Wino leżakowało 16 miesięcy w beczkach z francuskiego dębu.",14,75cl,"96,00",NB.32.png,Chile,❌ brak pliku
NB.31,22,Czerwone,Cono Sur 20 Barrels Carmenere Limited Edition,Cachapoal Valley - Chile,Syrah,20 miesięcy,"Wino wytrawne. Ciemno rubinowo-czerwone Carmenere. Wino ma złożone aromaty takie jak nuty jagód, czarnej porzeczki z pikantnym skórzanym wykończeniem. W smaku mocne i eleganckie z piękną koncentracją. Mocne taniny i struktura sprawiają że wino to idealnie nadaje się do podawania, z wędzoną wołowiną, sałatkami z makaronem, szpinakiem i pomidorami.","13,5",75cl,"96,00",NB.31.png,Chile,❌ brak pliku
NB.33,19,Czerwone,Silencio Cono Sur,Maipo Valley - Chile,Cabernet Sauvignon 100%,20 miesięcy,"Wino wytrawne. Wino o intensywnej rubinowej barwie, charakteryzuje się pysznymi aromatami czerwonych owoców, jagody, fiołków i liści czarnej porzeczki, a także piękno aromatów w pełni zintegrowane dąb, nuty tytoniu i popiół. Winogrona ręcznie zbierane. Wino świetnie zrównoważone, żywe, złożone i oryginalne. Wino leżakowało 20 miesięcy w beczkach z francuskiego dębu.","14,5",75cl,"399,00",NB.33.png,Chile,❌ brak pliku
NB.34,20,Czerwone,Ocio Cono Sur,Casablanca Valley - Chile,Pinot Noir 100%,70% wina przez 14 miesięcy,"Wino wytrawne. Eleganckie i delikatne Pinot Noir o głębokim smaku, i rubinowo-czerwonej barwie. Duża intensywność aromatyczna nut czerwonych owoców jak jagody, czerwona wiśnia i maliny oraz nuty przypraw i aromat tytoniu. Soczyste usta z przyjemną kwasowością. Finisz gładki, długi i niezapomniany. To wino pięknie komponuje się z dojrzewającymi serami, czerwonym mięsem, kaczką oraz rybami jak tuńczyk i łosoś.","14,5",75cl,"249,00",NB.34.png,Chile,❌ brak pliku
CA.43,21/24,Białe,Carmen Insigne Chardonnay,D.O. Central Valley - Chile,Chardonnay,,"Wino wytrawne. Słońce przebijające się o świcie przez mgłę, przykrywającą winnice Chardonnay w Central Valley, daje rześkie wino o jasnej, zielono-żółtej barwie. Nos z wyczuwalnymi nutami owoców tropikalnych, limonki, melona, białej brzoskwini oraz gruszki, pozostający w równowadze z delikatną mineralnością i kremowym orzechem laskowym w tle. W ustach spójne z owocowymi aromatami i mineralnością z wyraźnym finiszem.","12,5",75cl,"29,00",CA.43.png,Chile,Otwórz plik
CA.44,22/24,Białe,Carmen Insigne Sauvignon Blanc,D.O. Central Valley - Chile,Sauvignon Blanc,,"Wino wytrawne. Mikroklimat z wpływem zimnego Prądu Humboldta z Antarktydy odpowiada za charakterystyczną jasnosłomkową barwę tego Sauvignon Blanc i nadaje kwiatowo-mineralne aromaty. Świetne wino z wyczuwalnymi nutami świeżych owoców cytrusowych, melona, liścia pomidora i moreli. W ustach wyraźne, żywe, z trwałym soczystym finiszem. Znakomicie pasuje do owoców morza (szczególnie ostryg i krewetek), ryb, sałatek, białego mięsa czy jako aperitif.",12,75cl,"29,00",CA.44.png,Chile,Otwórz plik
CA.29,22/24,Czerwone,Carmen Insigne Cabernet Sauvignon,D.O. Central Valley - Chile,Cabernet Sauvignon,3 miesiące,"Wino wytrawne. Góry Andy, ze szczytami 7000 m, otaczają odosobnione doliny, gdzie najwyższej jakości Cabernet Sauvignon otrzymuje jasnorubinowy kolor z intensywnymi aromatami czerwonych i czarnych owoców. Wiśnie, jeżyny i śliwki mieszają się z delikatnymi niuansami przypraw. Znakomite wino, o dobrej strukturze i delikatnych taninach. Oddaje przyjemną równowagę owocowości i dębu wraz z długim zakończeniem. Polecane do serów, steków, pieczeni, makaronów, zapiekanek i potrawek.","13,5",75cl,"29,00",CA.29.png,Chile,Otwórz plik
CA.42,21/23,Czerwone,Carmen Insigne Merlot,D.O. Central Valley - Chile,Merlot,3 miesiące,"Wino wytrawne. Pomiędzy najsuchszą pustynią świata, Atakama, a lodowcami Patagonii, na trudnych terenach ze zróżnicowanym mikroklimatem uprawiana jest wyróżniająca się odmiana Merlot. Jedyna w swoim rodzaju jasnowiśniowa barwa z intensywnymi aromatami karmelu, wiśni i dojrzałych truskawek oraz delikatnymi nutami przypraw, kawy i drewna. Daje wino o delikatnych taninach i długim owocowym zakończeniu. Idealnie pasuje do każdego rodzaju sera, makaronów, drobiu i ryb.",13,75cl,"29,00",CA.42.png,Chile,Otwórz plik
CA.30,22,Czerwone,Carmen Insigne Carmenere,D.O. Central Valley - Chile,"90% Carmenere, 10% Cabernet Sauvignon",3 miesiące,"Wino wytrawne. Dojrzewa przez okres 10 miesięcy we francuskim dębie, a następnie dodatkowo 2 miesiące w butelce. Nos bogaty, dojrzały, z wyraźną nutą jeżyn, dojrzałych śliwek, dymu tytoniowego, grillowanej czerwonej papryki. Wino ma wspaniałą strukturę, głębię i koncentrację. Prawie słodkie, aksamitne taniny uwodzą podniebienie. Najlepiej podawać do nóżek lub combru jagnięcego, pieczonego lub grillowanego czerwonego mięsa oraz gulaszu.",13,75cl,"29,00",CA.30.png,Chile,Otwórz plik
CA.33,20,Czerwone,Carmen Premier 1850 Reserva Carmenere,D.O. Colchagua Valley - Chile,90% Carmenere 10% Carignan,10 miesięcy,"Wino wytrawne. Dojrzewa przez okres 10 miesięcy we francuskim dębie, a następnie dodatkowo 2 miesiące w butelce. Nos bogaty, dojrzały, z wyraźną nutą jeżyn, dojrzałych śliwek, dymu tytoniowego, grillowanej czerwonej papryki. Wino ma wspaniałą strukturę, głębię i koncentrację. Prawie słodkie, aksamitne taniny uwodzą podniebienie. Najlepiej podawać do nóżek lub combru jagnięcego, pieczonego lub grillowanego czerwonego mięsa oraz gulaszu.",13,75cl,"44,00",CA.33.png,Chile,Otwórz plik
CA.40,23,Białe,Carmen Gran Reserva Chardonnay,D.O. Limari - Chile,Chardonnay,,"Wino wytrawne. Gran Reserva Chardonnay dojrzewa przez okres 8 miesięcy na osadzie. Nos przepełniony jest aromatami dojrzałej brzoskwini w kremie waniliowym, migdałów, pieczonego chleba, gruszki w karmelu, goździków i wanilii. W smaku bogate, pozostawiające długie zakończenie. Znakomite do kotleta schabowego, wędzonej szynki, pieczonej kaczki czy gęsi, ryby, homara, makaronów i kremowych zup. NAGRODY - 91 pkt. Wine Access, Buyer’s Guide, 91 pkt. James Suckling.",13,75cl,"59,90",CA.40.png,Chile,Otwórz plik
CA.39,20,Czerwone,Carmen Gran Reserva Carmenere,D.O. Colchagua Valley - Chile,"95% Carmenere, 5% Cabernet Sauvignon",10 miesięcy,"Wino wytrawne. Wino dojrzewa 10 miesięcy we francuskim dębie i następnie 2 miesiące w butelce. Nos obfituje w intensywne aromaty czerwonych owoców, nuty tytoniu, cedru oraz dębu. W smaku pełne ciała, z głębią o aksamitnej strukturze i świetnym zakończeniu. Polecane do pieczonej kaczki, królika, jagnięciny, makaronów i serów. NAGRODY - 90 pkt Wine Spectator, 90 pkt James Suckling, 89 pkt Wine Access Buyer’s Wine, 88 pkt International Wine Cellar, Gold Medal – International Wine Challenge",14,75cl,"59,90",CA.39.png,Chile,Otwórz plik
CA.51,20,Czerwone,Carmen Gran Reserva Cabernet Sauvignon Frida Kahlo Limited Edition,D.O. Apalta Valley - Chile,Cabernet Sauvignon,14 miesięcy,"Wino wytrawne. Wino sygnowane nazwiskiem meksykańskiej artystki Fridy Kahlo to potwierdzenie innowacyjności i powrotu do klasyki najstarszej chilijskiej winnicy Vina Carmen. Cabernet Sauvignon ze znakomitego regionu Apalta dojrzewał 14 miesięcy we francuskim dębie. Nos wyróżnia się przede wszystkim czarną porzeczką, jeżyną oraz lukrecją z delikatnym niuansem cedru. W smaku bardzo bogate, hojne i jednocześnie świeże i żywe. Rekomendowane do jagnięciny, żeberek, wołowiny w pikantnych sosach, dzikiego ptactwa, dziczyzny, gęsiny i serów. Kwasowość 5,1 g/l, cukier resztkowy 3,3 g/l.",14,75cl,"59,90",CA.51.png,Chile,Otwórz plik
CA.52,22,Czerwone,Carmen Gran Reserva Petit Syrah,D.O. Maipo Alto - Chile,Petit Syrah,14 miesięcy,"Wino wytrawne. Wino pochodzi z gron starych winorośli położonych 500 metrów nad poziomem morza, u podnóża Andów. Winogrona zostały ręcznie zebrane i starannie wyselekcjonowane przed zmiażdżeniem. 50% wina użytego do produkcji tego wina dojrzewało w używanych beczkach z francuskiego dębu przez 14 miesięcy. Aromaty bardzo dojrzałych czarnych wiśni, śliwek, fiołków uzupełnione złożonymi nutami czekolady, kawy, ziemistych przypraw i anyżu. Ta Gran Reserva Petite Sirah to wino o wspaniałym, dobrze zbudowanym ciele i dojrzałych taninach. Wyjątkowy rarytas..",14,75cl,"63,00",CA.52.png,Chile,Otwórz plik
SI.01,N/V,Białe,Santiano Chardonnay,Central Valley - Chile,Chadonnay,,"Wino wytrawne. Jasnożółta barwa z zielonymi refleksami. Nos o eleganckim, świeżym charakterze łączy się z nutami grejpfruta, gruszki, kwiatowymi akc2ntami oraz elementami owoców tropikalnych takich jak ananas. Zalecana temperatura podawania 9 -11°C. Wino znakomite do drobiu, ryby i owoców morza. Szczep: Chardonnay.",13,"18,7 cl","9,80",SI.01.png,Chile,❌ brak pliku
SI.02,N/V,Czerwone,Santiano Cabernet Sauvignon,Central Valley - Chile,Cabernet Sauvignon,,"Wino wytrawne. Aromatowi przypraw z czasem towarzyszą nuty dojrzałej czarnej porzeczki i jeżyn oraz delikatne tchnienie mięty. Wino pełne ciała, świeże, o dobrej strukturze i wyraźnych taninach. Akcenty mięty zaznaczone w trwałym zakończeniu. Zalecana temperatura podawania 16 - 18 °C. Wino znakomite do grillowanych potraw, steków i Chili con Carne. Szczep: Cabernet Sauvignon.",13,"18,7 cl","9,80",SI.02.png,Chile,❌ brak pliku
SI.03,23,Białe,Santa Faustina Sauvignon Blanc,Central Valley - Chile,Sauvignon Blanc,,"Wino wytrawne. Białe, wytrawne wino powstałe z gron szczepów: Sauvignon Blanc, uprawianych w chilijskiej Dolinie Centralnej. Zachwyca jasnożółtą barwą z refleksami zieleni oraz wyczuwalnym aromatem brzoskwiń i jabłek z nutą ziołowych akcentów w tle. Świeże o dość wysokiej kwasowości, charakteryzuje się orzeźwiającym finiszem. Idealnie smakuje podane w towarzystwie sałat, białych mięs, ryb i owoców morza. Podawać w temperaturze 6-8oC.","12,5",75 cl,"19,50",SI.03.png,Chile,❌ brak pliku
SI.04,23,Czerwone,Santa Faustina Carmenere Merlot,Central Valley - Chile,Carmenere Merlot,,"Wino wytrawne. Wyborne, pełne i dobrze zbudowane wino, powstałe z gron szczepu Carmenere oraz Merlot. Zachwyca intensywną, rubinową barwą oraz bukietem pełnym soczystych owoców porzeczki, jeżyny i śliwki z nutą czarnego pieprzu. Polecane do pieczonego lub grillowanego czerwonego mięsa oraz gulaszu, żółtych serów. Podawać w temperaturze 16-18oC.",13,75 cl,"19,50",SI.04.png,Chile,❌ brak pliku
SK.01,23,Białe,Grüner Veltliner Lossterrassen Weingut Stadt Krems,"Kremstal, Qualitätswein - Austria",Grüner Veltliner,,"Wino wytrawne. Bardzo świeże, owocowe wino bogate w aromaty ananasa i grejpfruta. Pełne ciała, o przyjemnej kwasowości z długim zakończeniem. Nadaje się do picia od razu lub do przechowywania przez kolejne 3 lata. Idealny towarzysz do tradycyjnych austriackich potraw. Znakomity do wieprzowiny, kurczaka oraz kuchni włoskiej i azjatyckiej. [NAGRODY] - 90 pkt. Wine Spectator, Top 100 – Wine Spectator.",12,75cl,"52,00",SK.01.png,Austria,Otwórz plik
SK.02,22,Białe,Grüner Veltliner Weinzierlberg Weingut Stadt Krems,Kremstal DAC Erste Lage - Austria,Grüner Veltliner,,"Wino wytrawne. Elegancki, świeży Grüner Veltliner pochodzący z austriackiego regionu Kremstal. Aromaty niedojrzałego banana, cytryny, jabłka, limonki, miodu, białego pieprzu. Niezwykle mineralne. Subtelne, delikatne wino o trwałym finiszu. Możesz pić je jako aperitif lub podawać z warzywami (szparagi, karczochy, kalafior). Pasuje również do wędzonych lub surowych ryb (wędzony łosoś, sushi), świeżych serów (mozzarella, ser kozi), dań na bazie ziół (koperku, estragonu, mięty, pietruszki), pikantnych dań kuchni Azji Południowo-Wschodniej, daniami smażonymi (sznycel, fish & chips). Wino, które świetne jest do wypicia teraz, jednocześnie posiadające potencjał dojrzewania do 6 lat. [NAGRODY]: 90 pkt. Wine Enthusiast, 93 pkt. Falstaff, 17 pkt. Gaultmillau, 94+ pkt A La Carte, 95 pkt James Suckling, 92+ pkt Robert Parker.","12,5",75cl,"79,00",SK.02.png,Austria,❌ brak pliku
SK.04,23,Białe,Riesling Steinterrassen Weingut Stadt Krems,Kremstal DAC Erste Lage - Austria,Riesling,,"Wino wytrawne. Klasyczny, wysokiej jakości Riesling z austriackiego regionu Kremstal. Aromaty moreli, brzoskwini, cytrusów, miodu z mineralnymi nutami. Wino, które świetne jest do wypicia teraz, jednocześnie posiadające potencjał dojrzewania przez najbliższe 10 lat. Idealny do smażonych lub grillowanych ryb, pikantnych dań (meksykańskich, indyjskich, tajskich, chińskich) czy makaronów z sosem pomidorowym. Dobrze komponuje się z mocnymi i ostrymi serami o półmiękkiej konsystencji (Munster, Morbier, Raclette, Taleggio, Livarot). [NAGRODY]: 92 pkt Falstaff, 92 pkt James Suckling.","12,5",75cl,"79,00",SK.04.png,Austria,❌ brak pliku
HV.01,23,Białe,Villa Huesgen By the Glass Riesling,Mosel - Niemcy,Riesling,,"Wino wytrawne. Riesling, który znakomicie łączy owocowość odmiany i elegancki smak (brzoskwinia, morela) z dobrze wyważoną strukturą oraz świeżym, mineralnym finiszem. Wino, które pasuje na każdą okazję.","11,5",75cl,"49,90",HV.01.png,Niemcy,Otwórz plik
HV.02,20,Białe,Villa Huesgen Riesling Schiefer,Mosel - Niemcy,Riesling,,"Wino wytrawne. Wino ze stromych zboczy winnicy Trabener Wurzgarten. Świeże, owocowe z czystym i złożonym bukietem, gdzie dominuje zielone jabłko, owoce cytrusowe, z nutami ziół. Zdecydowana mineralność oraz wyważona kwasowość w pełni oddają łupkowe terroir (Schiefer).",11,75cl,"84,00",HV.02.png,Niemcy,Otwórz plik
HV.03,22,Białe,Villa Huesgen Alte Reben Riesling Enkircher Steffensberg,Mosel - Niemcy,Riesling,,"Wino wytrawne. Wino klasy premium z historycznej winnicy Enkircher Steffensberg. Winogrona, zbierane wyłącznie ręcznie, pochodzą z ponad 100 letnich krzewów sprzed filoksery. W smaku bardzo intensywne, mineralne, z bajecznym aromatem oraz długim i żywym zakończeniem. Znakomite do długiego przechowywania. Czyste uosobienie Rieslinga.","11,5",75cl,"142,00",HV.03.png,Niemcy,Otwórz plik
AZG.05,23,Białe,Riesling Kabinett Rudolf Müller,"Mosel, Pradikatswein - Niemcy",Riesling,,"Wino półsłodkie. Rudolf Müller Kabinett wyprodukowany jest z dojrzałych gron Riesling, rosnących w Dolinie Mozeli. Winogrona te pozostają dłużej na krzaku w porównaniu z innymi odmianami, zyskując nazwę „Kabinett”. Wino oddaje aromaty dojrzałych jabłek, gruszek, brzoskwini oraz owoców cytrusowych. Jego lekka słodycz doskonale pasuje do dojrzewających serów, cielęciny w kremowych sosach, owoców morza czy kurczaka.","8,5",75cl,"36,00",AZG.05.png,Niemcy,Otwórz plik
AZG.04,21,Różowy,Dornfelder Rosé Rudolf Müller,Pfalz Qualitätswein Lieblich - Niemcy,Dornfelder,,"Półsłodkie różowe wino (Lieblich). Eleganckie, lekko słodkie wino ze szczepu Dornfelder o jasnoróżowym kolorze. W aromacie urzekający, intensywny owocowy bukiet. W ustach krągłe z wyczuwalnym posmakiem truskawek, malin, poziomek i czerwonej porzeczki. Mocno schłodzone rewelacyjne jako aperitif, do lekkich sałat z dodatkiem truskawek i malin oraz deserów na bazie czerwonych owoców.",11,75cl,"29,00",AZG.04.png,Niemcy,Otwórz plik
AZG.16,16,Białe,Eiswein Silvaner Rudolf Müller,Rheinhessen - Niemcy,Silvaner,,"Słodkie białe wino lodowe, wyprodukowane z naturalnie przemrożonych gron szczepu Silvaner. Bardzo jasna, słomkowa barwa ze złotymi refleksami. W aromacie intensywne, z wyczuwalnymi nutami białych kwiatów, kandyzowanych cytrusów i suszonych owoców. Na podniebieniu miodowo-owocowe, z wyraźnym smakiem dojrzałego jabłka, kandyzowanej cytryny, suszonej moreli i figi. Podawać schłodzone do temperatury 6-8 stopni. Idealny towarzysz jasnych deserów z białą czekoladą, lodami i suszonymi owocami.",8,"37,5cl","88,00",AZG.16.png,Niemcy,Otwórz plik
BU.23,22,Białe,Gewürztraminer Ex Passione Hönninger Schlossberg,Dolina Renu Mittelrhein - Niemcy,Gewürztraminer,,"Wino półwytrawne. Niemieckie, białe wino z Doliny Renu wyprodukowane w 100% ze szczepu Gewürztraminer. W aromacie o intensywnym bukiecie kwiatowym, przeplecionym cytrusowymi akcentami i nutami przypraw. W smaku dobrze zrównoważone, pełne, aksamitne, ale i orzeźwiające. Idealna propozycja dla wielbicieli intensywnych kwiatowych aromatów w winie.","13,5",75cl,"36,00",BU.23.png,Niemcy,❌ brak pliku
BU.17,22,Białe,Riesling Ex Passione Hönninger Schlossberg,Dolina Renu Mittelrhein - Niemcy,Riesling,,"Wino wytrawne. Niemieckie, białe wino wytrawne z Doliny Renu wyprodukowane w 100% ze szczepu Riesling. Zachwyca równowagą między kwasowością, owocowością i delikatną mineralnością. Pełne, eleganckie, dobrze zbudowane w nosie jak i w ustach. Wśród aromatów i smaków odnajdziemy w nim przede wszystkim zielone jabłko, brzoskwinię i limonkę.",12,75cl,"36,00",BU.17.png,Niemcy,❌ brak pliku
BU.21,22,Białe,Golden Gewürztraminer Auslese Hönninger Schlossberg,Dolina Renu Mittelrhein - Niemcy,Gewürztraminer,,"Wino słodkie. Niemieckie, białe wino z Doliny Renu wyprodukowane w 100% ze szczepu Gewürztraminer. W ustach delikatnie mineralne, o klasycznych aromatach róży, muszkatu, z odrobiną pigwy i liczi, okraszone nutami miodu spadziowego. Na podniebieniu subtelne, owocowe, z lekko pikantną końcówką egzotycznych przypraw. Doskonałe jako aperitif, dodatek do deserów, ale też do tłustych serów pleśniowych. Sprawdzi się też idealnie w kuchni azjatyckiej.",12,75cl,"36,00",BU.21.png,Niemcy,❌ brak pliku
BU.03,20,Białe,Golden Riesling Auslese Sweet Hönninger Schlossberg,Dolina Renu Mittelrhein - Niemcy,Riesling,,"Wino słodkie. Golden Riesling Auslese to niemieckie, słodkie, białe wino z Doliny Renu. Wyprodukowane ze starannie wyselekcjonowanych, w pełni dojrzałych winogron szczepu Riesling. W ustach pełne, soczyste, z nutą moreli, nektarynki i miodu. Intensywny i długotrwały finisz. Idealne do serów, owoców, bogato przyprawionych potraw oraz deserów.","8,5",50cl,"36,00",BU.03.png,Niemcy,❌ brak pliku
BU.22,22,Białe,Riesling Rheinschifer Kabinett Hönninger Schlossberg,Dolina Renu Mittelrhein - Niemcy,Riesling,,"Wino półwytrawne. Niemieckie, białe, półwytrawne wino z Doliny Renu wyprodukowane w 100% ze szczepu Riesling. W aromacie wyczuwalne subtelne aromaty zielonych owoców wraz z nutami mineralnymi. W ustach spójne z aromatami. Sprawdzi się jako aperitif lub w towarzystwie potraw z białych mięs, które zawierają nutę słodyczy i pikanterii. Znakomite do potraw kuchni azjatyckiej.","11,5",75cl,"36,00",BU.22.png,Niemcy,❌ brak pliku
BU.14,22,Białe,Blanc de Noir Hönninger Schlossberg,Dolina Renu Mittelrhein - Niemcy,Pinot Noir,,"Wino wytrawne. Białe wino wyprodukowane z ciemnych odmian winogron określa się jako „Blanc de Noir”. W przeciwieństwie do tradycyjnych czerwonych win, podczas produkcji skórki winogron zostały oddzielone od soku, a to właśnie skórki nadaje winu czerwony kolor. W aromacie znajdziemy bogactwo aromatów ziół i cytrusów. W ustach wino jest zbalansowane i przywołuje smak świeżo zerwanych jabłek. Idealne wino do lunchu, na randkę czy na spotkanie z przyjaciółmi.",12,75cl,"36,00",BU.14.png,Niemcy,❌ brak pliku
BU.24,21,Czerwone,Pinot Noir Hönninger Schlossberg,Dolina Renu Mittelrhein - Niemcy,Pinot Noir,,"Wino wytrawne. Niemieckie, czerwone wino z Doliny Renu wyprodukowane w 100% ze szczepu Pinot Noir. Odnajdziemy w nim aromaty wiśni, dojrzałych truskawek i czarnej porzeczki. Na podniebieniu spójne z aromatami, o przyjemnej strukturze, z delikatną taniną. Dobrze zrównoważone. Doskonałe do cielęciny, kaczki, pasztetu na chłodno, grzybów i miękkich serów. Sprawdzi się również serwowane z rybami, takimi jak lin, karp, tuńczyk czy łosoś.",12,75cl,"36,00",BU.24.png,Niemcy,❌ brak pliku
BU.13,21,Białe,Riesling Alte Raben Stadtweingut Bad Hönningen,Dolina Renu Mittelrhein - Niemcy,Riesling,,"Wino półwytrawne. Niemieckie, białe, półwytrawne wino z Doliny Renu wyprodukowane w 100% ze szczepu Riesling. Wino tłuste, ale jednocześnie rześkie, z wyczuwalną w aromacie żółtą brzoskwinią, melonem oraz nutami dymno-słonymi francuskiego ciasta brioche. Soczyste na podniebieniu, harmonijne, o delikatnej strukturze. W ustach wyczuwalna gruszka, melon i zioła (bazylia, mięta).",12,75cl,"36,00",BU.13.png,Niemcy,❌ brak pliku
NO.12,23,Czerwone,Bodega Norton Barrel Select Malbec VEGAN,Mendoza - Argentyna,Malbec z winnic starszych niż 15 lat,10 miesięcy,"Wino wytrawne. Malbec o głębokoczerwonej barwie z refleksami fioletu. Dojrzewa przez 12 miesięcy w dębowej francuskiej beczce, a następnie w butelce przed wypuszczeniem na rynek. Nos z dojrzałymi czerwonymi owocami, czerwoną porzeczką, pieprzem i wanilią. W smaku wyczuwalne słodkie, aksamitne taniny i przyprawy. Wino polecane do dłuższego przechowywania. [NAGRODY] - 88 pkt Wine Spectator. 91 pkt IWC Awards 2023.",14,75cl,"41,00",NO.12.png,Argentyna,Otwórz plik
NO.08,22,Czerwone,Bodega Norton Reserva Malbec VEGAN,Mendoza - Argentyna,Malbec,12 miesięcy,"Wino wytrawne. Wino Reserva Malbec produkowane jest ze specjalnie wyselekcjonowanych winogron z winnic starszych niż 30 lat. Dojrzewa przez okres 12 miesięcy w beczkach z francuskiego dębu oraz dodatkowo 10 miesięcy w butelkach przed wypuszczeniem na rynek. Harmonijne połączenie tanin i owoców leśnych jak jeżyny i jagody. Wielkie eleganckie wino z długim finiszem. [NAGRODY] - 95 pkt - Decanter, 91 pkt Tim Atkin, 91 pkt James Suckling, 90 pkt - Wine Spectator, 90 pkt - Wine Advocate, TOP 100 – Wine Spectator, Silver Medal – Argentina Wine Awards. 92 pkt IWC Awards 2023.",14,75cl,"56,00",NO.08.png,Argentyna,Otwórz plik
NO.21,23,Białe,Altura Sémillon Bodega Norton,Uco Valley Mendoza - Argentyna,Sémillon,,"Wino wytrawne. Złota barwa. Winogrona uprawiane na wysokości 1100 m n.p.m. w apelacji Altamira w Dolinie Uco w Mendozie. W 90% fermentacja odbywa się w cementowych zbiornikach w kształcie jajka, które pozwalają winu poruszać się swobodniej niż podczas fermentacji w tradycyjnej beczce i utrzymywać ciągły kontakt z osadem drożdżowym. Pozostałe 10% fermentowane jest w beczce z dębu francuskiego. Bogaty nos z niuansami kwiatu pomarańczy, świeżych ziół, białych owoców pestkowych. Wyraźnie zaznaczony rumianek, cytryna oraz brzoskwinia. W ustach pełne, zrównoważone i rześkie, z mineralnym charakterem i przyjemną kwasowością. Wino dojrzewało w betonowych kadziach przez 6 miesięcy i 3 miesiące w butelce przed wypuszczeniem na rynek. Podawać z bogatymi daniami na bazie białych mięs w kremowych sosach, z grillowanymi i smażonymi tłustymi rybami, owocami morza (krabem, homarem) oraz serami typu Gruyère, Comté czy Cheddar.","13,5",75cl,"116,00",NO.21.png,Argentyna,Otwórz plik
NO.22,22,Czerwone,Altura Cabernet Franc Bodega Norton,Uco Valley Mendoza - Argentyna,Cabernet Franc,12 miesięcy,"Wino wytrawne. Winogrona uprawiane na wysokości 1100 m n.p.m. w apelacji Altamira w Dolinie Uco w Mendozie. W aromacie wina przeplatają się dojrzałe, ale świeże jagody, niuanse ziołowe, mięta oraz nuty przypraw i dymu. W ustach miękkie, pełne, z zaznaczoną świeżością, dobrze wyważoną kwasowością i przyjemnym finiszem. Wino dojrzewało przez 12 miesięcy w beczce z dębu francuskiego oraz minimum 6 miesięcy w butelce przed wypuszczeniem na rynek. Podawać z potrawami z grilla, twardymi i dojrzewających serami czy też daniami z dziczyzny. Idealne również w towarzystwie potraw kuchni śródziemnomorskiej i azjatyckiej, a także z ciemną czekoladą lub deserami na bazie czekolady.","14,5",75cl,"116,00",NO.22.png,Argentyna,Otwórz plik
NO.07,21,Czerwone,Privada Bodega Norton (Estate Reserve),Lujan de Cuyo Mendoza - Argentyna,"Malbec, Merlot, Cabernet Sauvignon",16 miesięcy,"Wino wytrawne. Nazwa „Privada” odnosi się do prywatnej „Reserve” rodziny Swarovskich. Wino dojrzewa 16 miesięcy w nowej francuskiej dębowej beczce, a następnie 12 miesięcy w butelce. W nosie wyczuwalna paleta aromatów dojrzałych owoców z elementami dymu oraz kawy. NAGRODY - 97 pkt Decanter, 94 pkt Tim Atkin, 93 pkt Wine&Spirits, 93 pkt James Suckling, 92 pkt Wine Spectator, 90 pkt, Wine Enthusiast, Gold Trophy - Decanter, Smatr Buy - Wine Spectator, Gold Medal - Argentina Wine Awards. 95 pkt IWC Awards 2023.","14,5",75cl,"139,00",NO.07.png,Argentyna,Otwórz plik
NO.02,23,Białe,Lo Tengo Torrontes,Mendoza - Argentyna,Torrontes,,"Wino wytrawne. Złota barwa z zielonkawymi niuansami. Przyjemne, owocowo-kwiatowe aromaty jabłka, cytryny, róży i jaśminu. Dobrze zbalansowana kwasowość. Krągłe i świeże zakończenie. [NAGRODY] - 86 pkt - Wine&Spirits, 85 pkt - Wine Spectator, 84 pkt - Wine Enthusiast.",13,75cl,"29,90",NO.02.png,Argentyna,Otwórz plik
NO.01,23,Czerwone,Lo Tengo Malbec,Mendoza - Argentyna,Malbec,,"Wino wytrawne. Rubinowa barwa z fioletowymi refleksami. Orzeźwiające aromaty owoców, cynamonu, wiśni, truskawek i suszonych śliwek. Bardzo atrakcyjne, aksamitne w ustach. Świeży i przyjemny finisz. [NAGRODY] - 88 pkt - Wine&Spirits, 87 pkt - Wine Enthusiast, 84 pkt - Wine Spectator.","13,5",75cl,"29,90",NO.01.png,Argentyna,Otwórz plik
NO.09,23,Białe,Bodega Norton Cosecha Tardia Dulce Natural Blanco,Mendoza - Argentyna,Chardonnay,,"Wino słodkie. Delikatnie słodkie argentyńskie wino z regionu Luján del Cuyo. Jasnozłota barwa. Przyjemne i świeże aromaty kwiatów oraz brzoskwini. Dobra kwasowość oraz zakończenie. Świetne jako aperitif, do deserów, niebieskich serów oraz suszonych owoców.",12,75cl,"29,90",NO.09.png,Argentyna,Otwórz plik
NO.20,23,Czerwone,Bodega Norton Cosecha Tardia Dulce Natural Tinto,Mendoza - Argentyna,Merlot,,"Wino słodkie. Głęboka czerwona barwa z refleksami fioletu. W aromacie wyczuwalne nuty świeżych malin i innych czerwonych owoców. W ustach elegancka kwasowość równoważąca słodycz wina, subtelność, złożoność i długi finisz. Podawać mocno schłodzone. Idealna pozycja na spotkanie z przyjaciółmi w niezobowiązującej atmosferze. Podawać mocno schłodzone solo lub w towarzystwie deserów, twardych serów i czekolady. Wino na każdą okazję.",12,75cl,"29,90",NO.20.png,Argentyna,Otwórz plik
CR.04,23,Białe,Correntoso Chardonnay,"San Patricio Del Chañar, Patagonia - Argentyna",Chardonnay,,"Wino wytrawne. Jasnozłota barwa z zielonkawymi refleksami. W zapachu orzeźwiające, bardzo owocowe z wyraźnym tchnieniem cytrusowym. Wyczuwalne słodkie aromaty ananasa, brzoskwini oraz subtelne nuty miodu i cytryny. Na podniebieniu treściwe, z dobrze zbilansowaną kwasowością, oddające w długim i świeżym finiszu wrażenie subtelności i elegancji.","12,7",75cl,"45,00",CR.04.png,Argentyna,❌ brak pliku
CR.05,23,Czerwone,Correntoso Pinot Noir,"San Patricio Del Chañar, Patagonia - Argentyna",Pinot Noir,,"Wino wytrawne. Subtelna rubinowa barwa. W zapachu bardzo owocowe i świeże, z wyczuwalnymi mineralnymi nutami oraz aromatem truskawek i wiśni. Wino średnio zbudowane z elegancką kwasowością i wyraźnym finiszem. Idealny towarzysz dań wegetariańskich, jak również mięsnych podawanych z sosami ze słodkawą nutą. Starzenie: 100% w zbiornikach ze stali nierdzewnej.","12,7",75cl,"45,00",CR.05.png,Argentyna,❌ brak pliku
CR.06,22,Czerwone,Correntoso Pinot Noir Single Vineyard,"San Patricio Del Chañar, Patagonia - Argentyna",Pinot Noir,4-6 miesięcy,"Wino wytrawne. Subtelna rubinowa barwa. Aromat z wyczuwalnymi mineralnymi nutami i dojrzałą owocowością, przepełnioną nutą truskawkowej i wiśniowej konfitury. Średnio zbudowane z zbalansowaną kwasowością i długim, eleganckim finiszem. Fermentacja w kontrolowanej temperaturze 20-22 °C, 15 dni maceracji ze skórkami winogron. Starzenie 80% w zbiornikach ze stali nierdzewnej, 20% w dębie francuskim przez 4-6 miesięcy. Wino doskonale komponuje się z większością potraw, ale świetnie smakuje też solo.",13,75cl,"66,00",CR.06.png,Argentyna,❌ brak pliku
VM.02,23,Białe,Villa Maria Private Bin Sauvignon Blanc,Marlborough - Nowa Zelandia,Sauvignon Blanc,,"Wino wytrawne. Winogrona do produkcji tego wina pochodzą z winnic rozmieszczonych w regionie Marlborough. Żywe Sauvignon Blanc atakuje owocowością, dojrzałym agrestem, szparagiem, liściem pomidora, passiflorą, świeżą limonką i aromatami ziół. W ustach intensywne i pełne, z odświeżającą kwasowością. Polecane do białego mięsa, ryb i sałatek z łososiem, pomidorem, fasolą i ziemniakami. [NAGRODY] - 90 pkt Wine Spectator, Smart Buy – Wine Spectator Top 10 - Cuisine, Top 50 - National Post, Silver Medal – NZ Inter. Wine Show, Grand Champion – Old Ebbiit Grill Inter., Wines for Oysters.","12,5",75cl,"59,90",VM.02.png,Nowa Zelandia,❌ brak pliku
VM.22,22,Białe,Villa Maria Blush Sauvignon Blanc,Nowa Zelandia,"Sauvignon Blanc 90%, Merlot 10%",,"Wino wytrawne. Przepiękna, delikatnie różowa barwa („blush” - zarumienione) powstała w kompozycji Sauvignon Blanc z dodatkiem Merlot. Wino przepełnione aromatem i smakiem świeżej marakui i żurawiny. Rewelacyjne jako aperitif oraz wspaniały towarzysz białych mięs, ryb, sałat, warzyw, dań wegańskich.",13,75cl,"59,90",VM.22.png,Nowa Zelandia,❌ brak pliku
VM.01,23,Białe,Villa Maria Private Bin Riesling,Marlborough - Nowa Zelandia,Riesling,,"Wino wytrawne. Czysty delikatnie kwiatowy bukiet z aromatami słodkich cytrusów, limonki oraz świeżych wiosennych kwiatów. Wino w ustach lekkie dające wyraźną limonkę i mandarynkę z wyśmienitą owocową słodyczą. Przyjemnie wyważone, gwarantujące mineralną nutę, dobrą kwasowość i łagodny odświeżający finisz. Idealne do owoców morza i sałatek. [NAGRODY] - Silver Medal – International, Wine Challenge, Champion Riesling – Air New Zealand Awards, Champion Open White Wine - Air New Zealand Awards",12,75cl,"59,90",VM.01.png,Nowa Zelandia,❌ brak pliku
VM.04,21,Czerwone,Villa Maria Private Bin Pinot Noir,Marlborough - Nowa Zelandia,Pinot Noir,,"Wino wytrawne. Pinot Noir z winnic położonych w dolinach Awatere i Wairau w Marlborough. Dojrzewało 9 miesięcy we francuskiej beczce barrique. Bukiet z nutami dojrzałych wiśni oraz owoców jagodowych. W smaku wyraźne, z ziołowymi i korzennymi nutami. Przyjemne, jedwabiste taniny równoważące owocowość i odpowiadające za dobrą strukturę. Wino rekomendowane do jagnięciny, dań kuchni włoskiej oraz delikatnych serów.",13,75cl,"65,00",VM.04.png,Nowa Zelandia,❌ brak pliku
VM.09,19,Czerwone,Villa Maria Private Bin Syrah,Hawkes Bay - Nowa Zelandia,Syrah,,"Wino wytrawne. Złożony nos z wyraźnymi owocami jagodowymi, fiołkiem i nutami pieprzu. W smaku przywołujące śliwkę, przyprawy, leśne zioła, zakończone miękkimi taninami. Wino polecane do czerwonego mięsa, dziczyzny oraz serów. [NAGRODY] ***** Winestate, Silver Medal – The New, Zealand International, Wine Show, Top 100 – Liquorland.",13,75cl,"65,00",VM.09.png,Nowa Zelandia,❌ brak pliku
VM.18,20,Białe,Villa Maria Reserve Chardonnay,Hawkes Bay - Nowa Zelandia,Chardonnay,,"Wino wytrawne. Wino o aromatach owoców pestkowych, kwiatów, biszkoptów oraz orzechów laskowych. Dzięki fermentacji w beczce wino charakteryzuje się równowagą między owocowością a kwasowością, trwałością i finezyjnym stylem.","13,5",75cl,"79,00",VM.18.png,Nowa Zelandia,❌ brak pliku
VM.19,18,Czerwone,Villa Maria Reserve Pinot Noir,Marlborough - Nowa Zelandia,Pinot Noir,14 miesięcy,"Wino wytrawne. Nos bogaty z aromatami wiśni, czereśni, leśnych owoców oraz przypraw. W smaku złożone, z krągłymi taninami i średnią kwasowością. Do produkcji wykorzystywane są wyłącznie winogrona z ręcznego zbioru. Dojrzewało w beczce około 14 miesięcy.","12,5",75cl,"96,00",VM.19.png,Nowa Zelandia,❌ brak pliku
VM.12,21,Białe,Villa Maria Single Vineyard Taylors Pass Sauvignon Blanc,Marlborough Taylors Pass - Nowa Zelandia,Sauvignon Blanc,,"Wino wytrawne. Wino z organicznej winnicy położonej na południowym stoku wzgórza, ponad rzeką Awatere. Wyraźne aromaty limonki oraz marakui przeplecione nutami zielonego groszku i agrestu. To wino zachwyci każdego.","12,5",75cl,"88,00",VM.12.png,Nowa Zelandia,❌ brak pliku
VM.11,19,Czerwone,Villa Maria Single Vineyard Seddon Pinot Noir,Marlborough Seddon - Nowa Zelandia,Pinot Noir,14 miesięcy,"Wino wytrawne. Bukiet dojrzałych wiśni i innych czerwonych owoców oraz kwiatów. Wino eleganckie, ułożone, aksamitne dzięki fermentacji malolaktycznej i 14 miesięcy spędzonych we francuskim dębie. [NAGRODY] - Gold Medal – New Zealand, International Wine Show, Pure Gold – Air New Zealand Wine Awards.","13,5",75cl,"138,00",VM.11.png,Nowa Zelandia,❌ brak pliku
VM.21,18,Białe,Villa Maria Cellar Selection Riesling,Marlborough - Nowa Zelandia,Riesling,,"Wino wytrawne. Orzeźwiające wino z linii Cellar Selection z Doliny Wairau w Marlborough. W nosie przyjemne aromaty limonki, grejpfruta oraz wiosennych kwiatów. W smaku pierwsze zetknięcie z wyraźną kwasowością zostaje stopniowo zastąpione posmakiem mandarynki, cytryny, białej brzoskwini oraz mineralno-grafitowymi nutami. Rekomendowane do białego mięsa, sałatek, owoców morza, ryb. Kwasowość 8,5g/l, cukier resztkowy 7,5 g/l.",12,75cl,"66,00",VM.21.png,Nowa Zelandia,❌ brak pliku
VM.25,21,Białe,Villa Maria Earth Garden Sauvignon Blanc ORGANIC,Marlborough - Nowa Zelandia,Sauvignon Blanc,,"Wino wytrawne. Orzeźwiające, owocowe Sauvignon Blanc z organicznej winnicy w regionie Marlborough. Przepełnione aromatami limonki, grejpfruta oraz innych owoców cytrusowych. Na podniebieniu wyczuwalne wyraźnie świeże zioła, trawa cytrynowa i marakuja. Intensywna koncentracja owoców jest zrównoważona rześką kwasowością, która doskonale gasi pragnienie. Wino będzie wspaniałym dodatkiem do lekkich sałatek ze świeżych warzyw i owoców, szczególnie polecane z roszponką, pomarańczą, fasolką szparagową czy wędzonym pstrągiem.","13,5",75cl,"66,00",VM.25.png,Nowa Zelandia,❌ brak pliku
VM.24,20,Czerwone,Villa Maria Earth Garden Pinot Noir ORGANIC,Marlborough - Nowa Zelandia,Pinot Noir,,"Wino wytrawne. Earth Garden Pinot Noir to wspaniałe wino ekologiczne z regionu Marlborough. Między rzędami organicznie uprawianej winnicy rosną dzikie trawy, zioła i kwiaty. Wino zachwyca wyraźnymi aromatami owoców leśnych oraz subtelnymi nutami kwiatowymi. W smaku wyczuwalne kakao oraz przydymione nuty tostowe. Polecane z jagnięciną czy policzkami wołowymi. Znakomite również w połączeniu z daniami z dodatkiem trufli czy innymi grzybami podkreślającymi ziemisty charakter wina.","13,5",75cl,"76,00",VM.24.png,Nowa Zelandia,❌ brak pliku
VM.27,23,Białe,Thornbury Sauvignon Blanc,Marlborough - Nowa Zelandia,Sauvignon Blanc,,"Wino wytrawne. Pełne aromatów owoców tropikalnych, takich jak marakuja i grejpfrut, obok świeżych smaków czarnej porzeczki i ziół. Wyraziste, wypełniające usta wino o długim, orzeźwiającym finiszu. Wino dojrzewało na osadzie w tankach ze stali nierdzewnej. Idealne jako aperitif lub ze świeżymi owocami morza, takimi jak małże czy ostrygi.","12,5",75cl,"44,00",VM.27.png,Nowa Zelandia,❌ brak pliku
BL.01,21,Białe,Boundary Line Chardonnay,South East Australia - Australia,Chardonnay,,"Wino wytrawne. Winogrona fermentowane na zimno w zbiornikach ze stali nierdzewnej w celu zachowania świeżych owocowych aromatów. Subtelne zastosowanie dębu w winifikacji nadało winu złożoności i delikatnej kremowości równoważącej skoncentrowane owocowe aromaty cytrusów i melona. W ustach rześkie, z akcentem jabłka, gruszki, melona, z cytrusowymi, egzotycznymi nutami. Wino idealne do miękkich oraz półtwardych serów, ryb, owoców morza, sałat, dań z białym mięsem i jasnymi sosami.","12,5",75cl,"33,00",BL.01.png,Australia,Otwórz plik
BL.02,20,Czerwone,Boundary Line Shiraz,South East Australia - Australia,Shiraz,,"Wino wytrawne. Winogrona z regionu Riverina, zebrane w optymalnej dojrzałości i poddane fermentacji w zbiornikach ze stali nierdzewnej w kontrolowanej temperaturze celem zachowania świeżych owocowych aromatów. Nos z subtelnymi nutami wanilii, białego pieprzu oraz czerwonych owoców. W ustach wino średnio zbudowane, soczyste, świeże, z akcentami mięty i dojrzałych, likierowych owoców śliwki i wiśni.",14,75cl,"33,00",BL.02.png,Australia,Otwórz plik
CO.23,21,Białe,Francis Coppola Rosso Bianco Chardonnay,California - USA,100% Chardonnay,,"Wino wytrawne. Chardonnay Rosso & Bianco od Francisa Forda Coppoli charakteryzuje się bogatą żółtą barwą. Nos rozpieszczają nuty świeżej mieszanki owoców tropikalnych, chrupiącego jabłka i delikatnej wanilii. Dzięki fermentacji i leżakowaniu w zbiornikach ze stali nierdzewnej to amerykańskie białe wino zyskuje swój świeży styl i wyraziste aromaty owocowe. Na podniebieniu kalifornijskie białe wino prezentuje soczystą gruszkę, świeży ananas i mandarynkę. Osobowość charakteryzuje się jedwabistą konsystencją, zachwycającymi owocowymi aromatami i świeżą kwasowością. Rozkoszuj się białym winem z Kalifornii ze świeżym sushi, sashimi, lekkim, białym mięsem w kremowym sosie bądź daniami rybnymi. Nagrody dla Rosso & Bianco Chardonnay: Towarzystwo Orange County: Złoto 2016 Los Angeles IWSC: srebro i 88 punktów za rok 2016","13,5",75cl,"56,00",CO.23.png,USA,Otwórz plik
CO.22,22,Czerwone,Francis Coppola Rosso Bianco Cabernet Sauvignon,California - USA,88.5% Cabernet Sauvignon 2% Petite Sirah 9.5% Inne,50%/12 miesięcy,"Wino wytrawne. Rosso & Bianco Cabernet Sauvignon od Francisa Forda Coppoli to bogata kombinacja owoców i przypraw. Aromaty wanilii, czarnej wiśni i pieprzu mieszają się z bogatymi aromatami wanilii, tostów, fiołków, anyżu i karmelu. Średnia, zrównoważona kwasowość i garbniki harmonizują te składniki, tworząc wyjątkowe i niezapomniane Cabernet Sauvignon. Część wina dojrzewała 12 miesięcy w beczce z dębu francuskiego i amerykańskiego. Wino dobrze zbalansowane z miękkimi taninami, polecane do grillowanego mięsa, gulaszu i kremowych dań z makaronu.","13,5",75cl,"56,00",CO.22.png,USA,Otwórz plik
CO.21,22,Białe,Francis Coppola Diamond Collection Chardonnay,California - USA,Chardonnay,10 miesięcy,"Wino wytrawne. Diamond Series Chardonnay to bogate, owocowe, krągłe, świeże wino, pochodzące z winnic zlokalizowanych w Kalifornii. W nosie jak i w ustach wyczuwalny ananas, brzoskwinia, limonka, jabłko oraz melon. Idealny partner do kurczaka, owoców morza czy owocowych deserów.","13,5",75cl,"99,00",CO.21.png,USA,Otwórz plik
CO.03,21,Czerwone,Francis Coppola Diamond Collection Red Label Zinfandel,California - USA,76% Zinfandel 23% Petite Sirah 1% Syrah,10 miesięcy,"Wino wytrawne. Wino otrzymane z gron pochodzących z różnych apelacji Kalifornii, które różnią się rodzajem gleby i metodą upraw. Wino dojrzewało 12 miesięcy we francuskim dębie. Nos z kuszącymi aromatami malin, truskawek, z niuansami tostu i dębu. W smaku solidne, dojrzałe taniny, doskonale komponujące się z dżemową naturą odmiany Zinfandel (jeżyna, śliwka, ale również pieprz i goździki). Znakomite do jagnięciny, żeberek z grilla, risotto. [NAGRODY] * Connoisseur’s Guide California, Bronze Medal – IWSC, Best Buy – Consumer Reports.","14,5",75cl,"99,00",CO.03.png,USA,Otwórz plik
CO.05,20,Czerwone,Francis Coppola Diamond Collection Black Label Claret Cabernet Sauvignon,California - USA,"78% Cabernet Sauvignon, 14% Petit Verdot, 5% Merlot, 3% Cabernet Franc",14 miesięcy,"Wino wytrawne. Claret to termin oryginalnie wymyślony przez Brytyjczyków do opisania win otrzymanych na bazie Cabernet Sauvignon takich jak Bordeaux lub tych wyprodukowanych w podobnym stylu. W smaku oddaje jeżyny, wiśnie i espresso, natomiast nos to aromaty śliwki, porzeczki oraz nuty dymu tytoniowego. Wino rekomendowane przede wszystkim do wołowiny, grillowanej jagnięciny oraz makaronu fettuccini. [NAGRODY] - 90 pkt Wine Enthusiast, Silver Medal – San Francisco, Chronicle Wine Competition, Outstanding Gold – IWSC, Bronze Medal – IWSC.","13,5",75cl,"117,00",CO.05.png,USA,Otwórz plik
CC.07,23,Białe,PET-NAT White Natural sparkling Wine Zavec,Štajerska Slovenija/Haloze - Słowenia,"50% Chardonnay, 30% Welschriesling, 20% Sauvignon blanc",,"Wino wytrawne. Musujące wino wytrawne. Wino pétillant-naturel - bez wtórnej fermentacji, butelkowane jeszcze przed zakończeniem fermentacji pierwotnej, bez usuwania osadu drożdżowego. Winogrona zbierane ręcznie. Wino dojrzewało na osadzie w butelce. W nosie jak i w ustach przywołujące skojarzenie dojrzałego jabłka, gruszki, pomelo, pomarańczy i truskawki. W ustach wyczuwalna soczysta kwasowość z długim, słonym, mineralnym finiszem. Serwować w temperaturze 5-6 °C.",12,75cl,"55,00",CC.07.png,Słowenia,Otwórz plik
CC.08,22,Pomarańczowe,LOST & FOUND Skin Contact Orange Wine Zavec,Štajerska Slovenija/Haloze - Słowenia,"50% Chardonnay, 40% Welschriesling, 10% Sauvignon blanc",12 miesięcy,"Wino wytrawne. Winogrona zbierane ręcznie. Maceracja na zimno przez 48 godzin, następnie fermentacja spontaniczna ze skórkami winogron oraz fermentacja malolaktyczna. Wino dojrzewało w beczkach barrique i toneaux przez 12 miesięcy. W kieliszku o głęboko bursztynowo-pomarańczowej barwie. W nosie wyraźne aromaty jabłka, kandyzowanych owoców, skórki pomarańczy, suszonej śliwki i moreli. W ustach o dobrej strukturze i średniej kwasowości. Podawać z całą gamą dań kuchni wegeteriańskiej oraz wegańskiej. Wspaniale z wszelkiego rodzaju kaszami oraz roślinami strączkowymi. Serwować w temperaturze 10-12 °C.",13,75cl,"55,00",CC.08.png,Słowenia,Otwórz plik
CC.09,22,Białe,FURMINT Skin Contact Barrel Fermented Zavec,Štajerska Slovenija/Haloze - Słowenia,Furmint,6 miesięcy,"Wino wytrawne. Jasny, żółto-złoty kolor z zielonymi refleksami. Winogrona zbierane ręcznie. Wino niefiltrowane, dojrzewało na osadzie w beczkach barrique przez 6 miesięcy. Nos aromatyczny, bogaty w nuty mineralne oraz cytrusowe, z zaznaczonym jabłkiem, sianem i lekką nutą pieprzu. W ustach niezwykle świeże, rześkie, o średniej kwasowości, krągłe, z wyczuwalną przyjemną nutą mineralną. Podawać z rybami, drobiem czy pikantnymi potrawami. Serwować w temperaturze 8-10 °C.",13,75cl,"55,00",CC.09.png,Słowenia,Otwórz plik
CC.01,N/V,Białe,Zafrico White Semi-Dry,South Africa - Afryka,Blend,,"Wino półwytrawne. Świeże, białe, półwytrawne wino z nutami gruszki i imbiru. Rekomendowane jako aperitif, a także do owoców morza, drobiu, sałatek. Zalecana temperatura podawania 9-11 oC.",12,75cl,"24,90",CC.01.png,Afryka,❌ brak pliku
CC.03,N/V,Czerwone,Zafrico Red Semi-Dry,South Africa - Afryka,Blend,,"Wino półwytrawne. Czerwone, półwytrawne wino przepełnione aromatem świeżych aromatów śliwki, jeżyny i figi z subtelną nutą korzennych przypraw. Dobrze zbudowane, z przyjemnym zakończeniem. Zalecana temperatura podawania 16-18 oC.","12,5",75cl,"24,90",CC.03.png,Afryka,❌ brak pliku
CC.04,N/V,Czerwone,Zafrico Red Semi-Sweet,South Africa - Afryka,Blend,,"Wino półsłodkie. Piękna rubinowa barwa. Nos przywołujący aromat świeżych owoców, takich jak śliwka, jeżyna i figa, z delikatnymi ziołowymi nutami. Dobrze zbudowane, słodkie taniny, z przyjemnym zakończeniem. Zalecana temperatura podawania 16-18 °C.","12,5",75cl,"24,90",CC.04.png,Afryka,❌ brak pliku
RI.03,21,Białe,Rhebokskloof Chenin Blanc,"Paarl, South Africa - Afryka",Chenin Blanc,,"Wino wytrawne o jasnym słomkowożółtym kolorze. W nosie przepełnione aromatami owoców guawy i ananasa, które doskonale oddają charakter szczepu Chenin Blanc. Subtelnie wyczuwalna mineralność. W ustach intensywnie owocowe, spójne z aromatami wina, o długim finiszu. Serwować w temperaturze 6-7 °C.","13,5",75cl,"57,00",RI.03.png,Afryka,❌ brak pliku
RI.02,19,Czerwone,Rhebokskloof Pinotage,"Paarl, South Africa - Afryka",Pinotage,,"Wino wytrawne. W nosie bogate, z aromatami dojrzałych śliwek oraz wiśni, delikatnie ziemiste i mineralne. Pełne, zharmonizowane, z eleganckimi taninami oraz przyjemną kwasowością. Długi finisz. Wino gotowe do picia, jak również z potencjałem do starzenia. Polecane do dań mięsnych, steków, dziczyzny oraz pikantnych potraw. Serwować w temperaturze 15-16 °C.",14,75cl,"62,00",RI.02.png,Afryka,❌ brak pliku
PR.01,N/V,Białe,Prosecco Brut Val d’Oca,D.O.C. Treviso - Włochy,Glera,,"Wino musujące, wytrawne. Świetne musujące wino (wyprodukowane metodą charmat) z eleganckim kwiatowym bukietem i orzeźwiającymi bąbelkami. Znakomita równowaga między kwasowością a łagodnością. Podawać schłodzone jako aperitif, do ryb i owoców morza.","11,5",75cl,"39,90",PR.01.png,Włochy,Otwórz plik
PR.14,22,Różowe,Prosecco Rose Extra Dry Millesimato Val d’Oca,D.O.C. Prosecco - Włochy,"90% Glera, 10% Pinot Noir",,"Wino musujące, półwytrawne. Wino na bazie szczepów Glera 90% i Pinot Noir 10% winifikowanych oddzielnie. Orzeźwiająca kwasowość z urzekającymi owocowymi i roślinnymi nutami. Doskonała kombinacja kwasowości z delikatnością. Znakomity aperitif oraz towarzysz do ryb i owoców morza, sałat oraz innych lekkich dań. Serwować w temperaturze 6-10 °C (14 g/l cukru, charmat method).","11,5",75cl,"39,90",PR.14.png,Włochy,❌ brak pliku
PR.03,N/V,Białe,Prosecco Valdobbiadene Brut Black Bottle Collection Val d’Oca,D.O.C.G. Prosecco Superiore Valdobbiadene - Włochy,Glera,,"Wino musujące, wytrawne. Z serca regionu, gdzie produkowane jest najlepsze Prosecco.Jasnosłomkowa barwa, elegancki kwiatowy bukiet, wyjątkowa kwasowość i znakomite bąbelki. Pozostawia niezapomniane zakończenie. Polecane na każdą okazję.","11,5",75cl,"55,00",PR.03.png,Włochy,Otwórz plik
PR.06,N/V,Białe,Prosecco Extra Dry Val d’Oca Magnum (oryginalny kartonik),D.O.C. Treviso - Włochy,Glera,,"Wino musujące, półwytrawne. Extra Dry Prosecco (zawartość cukru 16g/l) wyróżnia się równowagą między kwiatowymi nutami a owocowym smakiem. Przywołuje wspomnienie sadu (jabłko, gruszka, morela). W ustach pozostawia świeżość oraz cytrusowy finisz. Rekomendowane jako aperitif, do owoców morza, ryby, dań na bazie ciasta francuskiego. NAGRODY - ***Duemilavini.",11,"1,5L","96,00",PR.06.png,Włochy,Otwórz plik
PR.04,N/V,Białe,Prosecco Extra Dry Val d’Oca,D.O.C. Treviso - Włochy,Glera,,"Wino musujące, półwytrawne. Wino musujące wyprodukowane metodą charmat o pojemności 200 ml. Elegancki kwiatowy bukiet, rewelacyjne „bąbelki”. Doskonałe jako aperitif, do owoców morza, ryby. Doskonale sprawdza się w plenerze (zakrętka).",11,20cl,"19,90",PR.04.png,Włochy,Otwórz plik
PR.13,N/V,Białe,Prosecco Superiore Valdobbiadene Extra Brut Rive di Santo Stefano Val d’Oca,D.O.C.G. Prosecco Superiore Valdobbiadene - Włochy,"85% Glera, 15% Pinot i Chardonnay",,"Wino musujące, wytrawne. Aromaty jabłka, białych kwiatów z wyraźnymi nutami cytrusów i długim wytrawnym finiszem. Świetny aperitif oraz do każdego rodzaju mięsa, ryb i owoców morza. NAGRODY - 90/100 pkt Gilbert & Gaillard 2019, 90/100 pkt Falstaff Prosecco Trophy 2018, Silver Medal (90 Points) – The Drinks Ness, Prosecco Masters 2018.","11,5",75cl,"58,00",PR.13.png,Włochy,Otwórz plik
TS.02,22/23,Czerwone,Valpolicella Classico Superiore Tenuta Santa Maria,D.O.C. Valpolicella Classico Superiore - Włochy,"Corvina 70%, Corvinone 15%, Rondinella 10%, Oseleta 5%",14 miesięcy,"Wino wytrawne. Valpolicella Classico Superiore reprezentuje werońską uprawę winorośli i rodzinne tradycje enologiczne. Wyprodukowane z rodzimych odmian Veronese Corvina, Corvinone i Rondinella, z winnic w historycznej posiadłości Arbizzano di Negrar w Weronie. Winogrona są zbierane ręcznie, a po długiej maceracji i fermentacji wino dojrzewa przez 14 miesięcy w tradycyjnych dużych dębowych beczkach. Następnie leżakuje w butelkach. Żywy, rubinowy kolor. Nos z intensywnymi nutami jagód, wiśni, lukrecji oraz akcentem cynamonu i pieprzu. Na podniebieniu miękkie z przyjemną kwasowością. Długi finisz. Nagrody: 92 pkt. James Suckling, 90 pkt. Vinous - Antonio Galloni, 90 pkt. Decanter WWA 2021, 90 pkt. 5 StarWines 2021, 89 pkt. Wine Advocate - R. Parker, 89 pkt. IWSC 2021, 88 pkt. IWC 2021, Gold Medal - Berliner Wein Trophy.","14,5",75cl,"79,00",TS.02.png,Włochy,❌ brak pliku
TS.03,20/21,Czerwone,Valpolicella Ripasso Classico Superiore Tenuta Santa Maria,D.O.C. Valpolicella Ripasso Classico Superiore - Włochy,"Corvina 75%, Corvinone 15%, Rondinella 10%",24 miesięcy,"Wino wytrawne. Produkowane według tradycji metodą Ripasso, stosowaną od lat 50. XIX wieku. Metoda produkcji Ripasso polega na dodawaniu osadu pozostałego po produkcji Amarone, wina produkowanego z podsuszanych gron, w celu wywołania wtórnej fermentacji. Dzięki temu struktura wina jest bardziej złożona, taniny bardziej miękkie. Wino leżakuje przez 2 lata w dużych dębowych beczkach. Intensywny rubinowy kolor. W nosie nuty wiśni, jagód, lukrecji, z wyraźnymi akcentami cynamonu i pieprzu. Na podniebieniu wyczuwalne krągłe, dojrzałe taniny oraz zrównoważona kwasowość. Długi, elegancki finisz. Nagrody: 93 pkt. James Suckling, Gold Medal - Mundus Vini 2022, Gold Medal - Berliner Wein Trophy 2022, 4 Stelle Guida Vinibuoni d’Italia 2022, Rosso The WineHunter Award 2021.",15,75cl,"105,00",TS.03.png,Włochy,❌ brak pliku
TS.01,22/23,Białe,Lepiga Soave Tenuta Santa Maria,D.O.C. Soave - Włochy,"Garganega, Veronese 100%",,"Wino wytrawne. Lepiga Soave to białe wino wyprodukowane z winogron Veronese Garganega, zbieranych ręcznie na trzech różnych poziomach dojrzałości. Po fermentacji w zbiornikach ze stali nierdzewnej następuje batonaż. Intensywny słomkowożółty kolor. W nosie złożony aromat egzotycznych owoców, gruszek, brzoskwiń, ziół, migdałów, z wyraźną mineralnością i nutą wanilii. W smaku orzeźwiające, świeże, z intrygującą głębią i wyważoną strukturą. Nagrody: 90 pkt. James Suckling, 3 Stelle Guida Vinibuoni d’Italia 2022, 89 pkt. Wine Spectator, Gold Medal - Mundus Vini 2020, 89 pkt. International Wine Review.","12,5",75cl,"52,00",TS.01.png,Włochy,❌ brak pliku
TS.04,17/18,Czerwone,Amarone Classico Riserva Tenuta Santa Maria,Amarone della Valpolicella Classico Riserva D.O.C.G - Włochy,"Corvina 75%, Corvinone 15%, Rondinella 10%",5 Lat,"Wino wytrawne. Amarone Classico Riserva pozyskiwane jest tradycyjną metodą appassimento, czyli naturalnym procesem suszenia winogron Corvina, Rondinellai Corvinone. Winogrona są zbierane ręcznie i dokładnie selekcjonowane. Po długiej fermentacji w stali nierdzewnej Amarone leżakuje przez 5 lat w dużych dębowych beczkach. Wino ma rubinowy kolor z refleksami granatu. W nosie eleganckie, złożone aromaty z wyczuwalną nutą wiśni, przypraw i płatków róży. Na podniebieniu subtelne, ciepłe, z aksamitnymi taninami i elegancką kwasowością. Nagrody: 96 pkt. Vinous - Antonio Galloni, 95 pkt. IWSC 2021, 94 pkt. Falstaff - Amarone Trophy, 95 pkt. James Suckling, 93 pkt. Wine Advocate - R. Parker, 90 pkt. IWC 2021, Asia Grand Gold Asia Wine Trophy 2021, Gold Medal - Mundus Vini 2022, Gold Medal - The WineHunter Award 2021, Gold Medal - Berliner Wein Trophy 2021.",16,75cl,"309,00",TS.04.png,Włochy,❌ brak pliku
SF.10,23,Białe,Vermentino San Felice,I.G.T. Toscana - Włochy,Vermentino,,"Wino wytrawne. Wino wyprodukowane z tradycyjnego szczepu w regionie Maremma - Vermentino - dojrzewającego na wzgórzach posiadłości Perolla z łagodnym wpływem Morza Śródziemnego. Zbiór ręczny, maceracja w temperaturze 8 °C przez 24 godziny, poddane chłodnej fermentacji. Dojrzewanie odbywa się na osadzie (sur lie) przez około miesiąc, potem wino jest filtrowane i dojrzewa w butelce jeszcze przez 2 lata. Słomkowa barwa. W nosie wyczuwalny grejpfrut, białe kwiaty i świeżo skoszona trawa. Orzeźwiające na podniebieniu z lekko cytrusowym zakończeniem. Doskonałe jako aperitif. Rekomendowane również jako towarzysz lekkiej pasty, dań z ryżem i rybą. Kwasowość 5,8 G/L, cukier resztkowy 0,5 G/L. NAGRODY: James Suckling.com (2017) 91/100, Wine Spectator, U.S.A. (2017) 88/100, James Suckling.com (2016) 90/100, James Suckling.com (2015) 90/100, Robert Parker, U.S.A. (2013) 86/100, Wine Spectator, USA (2010) 90/100",13,75cl,"53,00",SF.10.png,Włochy,❌ brak pliku
SF.01,20,Czerwone,Chianti Classico San Felice,D.O.C.G. Chianti Classico - Włochy,"80% Sangiovese, 10% Colorino, 10% Pugnitello",12 miesięcy,"Wino wytrawne.Klasyczne Chianti Classico znane z bogactwa aromatów. Zastosowano tradycyjny proces fermentacji, średniej długości czas maceracji i 12 miesięczny okres dojrzewania w wielkich beczkach z dębu slawońskiego. Rubinowa barwa. Nos z wyczuwalną wiśnią, maliną i słodkimi fiołkami. W smaku wytrawne, z subtelnymi taninami i świeżą kwasowością. Podawać do przystawek, dań na bazie czerwonych mięs i serów. [NAGRODY] - 94 pkt Wine Spectator, 90 pkt Robert Parker, 91 pkt James Suckling, 90 pkt. Falstaff, 88 pkt Wine Advocate, Best Value – Decanter, Wine Spectator „Top 100 Wines of 2018”.","13,5",75cl,"69,90",SF.01.png,Włochy,❌ brak pliku
SF.02,20,Czerwone,Il Grigio Chianti Classico Riserva,D.O.C.G. Chianti Classico Riserva - Włochy,Sangiovese,24 miesiące,"Wino wytrawne. Do produkcji tego wina używane są dokładnie selekcjonowane, najlepsze grona Sangiovese z winnic Chianti Classico. Wino dojrzewa 24 miesiące w dębie, z czego 20% w małych barrique, a następnie rok w butelce. Głębokorubinowa barwa. Bogaty bukiet z dominacją fiołków i leśnych owoców jagodowych. Wino dobrze zbudowane, z żywymi taninami i dobrą kwasowością. Znakomite do dań na bazie mięsa z sosami, pieczonego gołębia i grillowanego steku. [NAGRODY] - 94 pkt James Suckling, 93 pkt Wine Advocate, 93 pkt Wine Spectator, 93 pkt Wine Enthusiast, 93 pkt Robert Parker, 92 pkt Decanter, 89 pkt I Vini di Veronelli, ***** Decanter, Gambero Rosso, Highly Recommended - Decanter, Best Value – Decanter.","13,5",75cl,"96,00",SF.02.png,Włochy,❌ brak pliku
SF.06,18,Czerwone,Poggio Rosso San Felice Chianti Classico Gran Selezione,D.O.C.G. Chianti Classico Gran Selezione - Włochy,"Sangiovese, Colorino, Pugnitello",20 miesięcy,"Wino wytrawne. W 1970 roku Poggio Rosso obsadzono odmianą Sangiovese i Colorino. Wino produkowano z najlepszych gron tych odmian, a od rocznika 2004 z dodatkiem szczepu Pugnitello. To jedno z pierwszych win pochodzących z pojedynczej winnicy Chianti Classico. Produkowane w limitowanych ilościach. Dojrzewa 20 miesięcy w 500-litrowych tonneaux i następnie 12 miesięcy w butelce. Intensywna rubinowa barwa. Nos z suszoną śliwką, jeżyną i maliną. W smaku wyczuwalne aksamitne taniny i wyważona kwasowość. Wino do długiego leżakowania. Znakomite do grilla, dziczyzny i serów twardych typu Pecorino. [NAGRODY] - 94 pkt Wine Enthusiast, 93 pkt James Suckling, 91 pkt Wine Spectator, 91 pkt Wine Advocate, Gambero Rosso.","13,5",75cl,"222,00",SF.06.png,Włochy,❌ brak pliku
SF.07,18/19,Czerwone,Vigorello,I.G.T. Toscana (Supertoscan) - Włochy,"35% Pugnitello, 30% Merlot, 30% Cabernet, Sauvignon, 5 % Petit Verdot",20 miesięcy,"Wino wytrawne. Vigorello było pierwszym z nowej generacji win toskańskich, które z czasem stały się supertoskanami. Wyprodukowane po raz pierwszy w 1968 roku całkowicie z odmiany Sangiovese, a w miarę upływu czasu stopniowo wzbogacane szczepem Cabernet Sauvignon i Merlot. Dojrzewa 20 miesięcy w barrique z francuskiego dębu, a następnie 8-10 miesięcy w butelce. W ustach pełne, ciepłe, z pełnymi wyrazu taninami i delikatną nutą wanilii. Rekomendowane do potraw z grilla, pieczeni, dzikiego ptactwa, jagnięciny i twardych serów. [NAGRODY] - 93 pkt - Robert Parker, 91 pkt Wine Spectator, 94 pkt James Suckling, 90 pkt I Vini di Veronelli, Gambero Rosso.","13,5",75cl,"209,00",SF.07.png,Włochy,❌ brak pliku
SF.09,17,Czerwone,Brunello Di Montalcino Campogiovanni,D.O.C.G. Brunello Di Montalcino - Włochy,Brunello (Sangiovese clone),36 miesięcy,"Wino wytrawne. Campogiovanni Brunello to wino w klasycznym stylu, dojrzewające trzy lata w beczkach ze slawońskiego dębu i 500-litrowych tonneaux, a następne 12 miesięcy w butelce. Znane ze swojej finezji oraz długowieczności. Nos z dobrze dojrzałymi leśnymi owocami jagodowymi, konfiturą z jeżyn, liściem tytoniu i opaloną skórą. W smaku pełne, bogate z czasem dające długie zakończenie z wyraźnym owocowym likierem. Wino rekomendowane do bogatej palety potraw, a w szczególności do dziczyzny i twardego sera typu pecorino. [NAGRODY] - 96 pkt Wine Spectator, 93 pkt Wine Advocate, 92 pkt I Vini di Veronelli, 92 pkt Wine Enthusiast, 94 pkt James Suckling, 16/20 pkt Vinum.",15,75cl,"229,00",SF.09.png,Włochy,❌ brak pliku
ST.02,22,Białe,Vernaccia Di San Gimignano Tenute Guicciardini Strozzi,D.O.C.G. Vernacia di San Giminiano - Włochy,100% Vernaccia,,"Wino wytrawne. Typowy i ekskluzywny produkt regionu San Gimignano, znany już za czasów Kosmy Medyceusza jako lekarstwo na ból brzucha i mdłości. Przyjemny, intensywny, owocowy aromat. W smaku świeże i delikatne z charakterystycznym gorzkim zakończeniem przypominającym migdały. Wino szczególnie polecane do ryb, owoców morza, białego mięsa oraz jako aperitif. [NAGRODY] - 90 pkt Wine Spectator.","13,5",75cl,"49,90",ST.02.png,Włochy,❌ brak pliku
ST.07,22,Czerwone,Chianti Tenute Guicciardini Strozzi,D.O.C.G. Chianti - Włochy,"90% Sangiovese, 10% inne",,"Wino wytrawne.Wino o rubinowej barwie z etykietą przedstawiającą XIV wiecznego polityka i historyka Francesco Guicciardini. Intensywny i trwały bukiet. W smaku wytrawne, dobrze ułożone, przyjemne. Polecane do większości potraw. [NAGRODY] - 89 pkt – James Suckling.","13,5",75cl,"49,90",ST.07.png,Włochy,❌ brak pliku
ST.08,21,Czerwone,Ocra Tenute Guicciardini Strozzi,D.O.C. Bolgheri - Włochy,"30% Cabernet Sauvignon, 30% Cabernet Franc, 40% Merlot",12 miesięcy,"Wino wytrawne. Ocra, “krew ziemi”, powstała w Bolgheri, w regionie, który cieszy się wyjątkowym mikroklimatem do uprawy winorośli. Dojrzewa 12 miesięcy w barrique. Nos z wyraźnymi nutami jeżyn i borówek oraz delikatnym tchnieniem skóry. W smaku przyjemne i ciepłe. Polecane do czerwonego pieczonego mięsa, dziczyzny i dojrzałych serów. [NAGRODY] - 90 pkt Wine Spectator.","14,5",75cl,"144,00",ST.08.png,Włochy,❌ brak pliku
ST.06,20,Czerwone,Sodole Tenute Guicciardini Strozzi,I.G.T. Toscana (Supertoscan) - Włochy,100% Sangiovese,12 miesięcy,"Wino wytrawne. Supertoscan do „medytacji”. Etykieta przedstawia znanego renesansowego historyka Francesco Guicciardini. Wino dojrzewa 12 miesięcy we francuskiej barrique i dodatkowo rok w butelce. Intensywny, elegancki i bogaty bukiet z przyjemnymi nutami fiołków, owoców leśnych i przypraw. Pełne, krągłe, idealne do przechowywania przez 10-15 lat. Polecane do czerwonego mięsa, dziczyzny, gulaszu i dojrzałych serów. [NAGRODY] - 88 pkt Wine Spectator, Gambero Rosso.","13,5",75cl,"175,00",ST.06.png,Włochy,❌ brak pliku
BL.03,N/V,Białe,Blusecco Vino Frizzante,Veneto - Włochy,Blend,,"Wino musujące, półwytrawne. Winogrona do tego włoskiego vino frizzante pochodzą ze słynnego regionu winiarskiego Veneto w sercu Włoch. Blusecco jest lekkie, ale z charakterem, delikatnie musujące, zachwycające świeżością i owocowym smakiem. Podawać mocno schłodzone, prosto z puszki lub ze słomką. Idealna pozycja na piknik, wycieczkę, spotkanie z przyjaciółmi czy aperitif w niezobowiązującej atmosferze. Wino na każdą okazję.",20 cl,75cl,"9,90",BL.03.png,Włochy,Otwórz plik
AR.01,23,Białe,Trebbiano La Casada,I.G.T. Rubicone - Włochy,Trebbiano,,"Wino wytrawne. Jasnożółta barwa z zielonkawymi refleksami. Wino o świeżym, owocowym bukiecie. Doskonałe do przekąsek, sałatek i ryby. Uniwersalne wino do sprzedaży na kieliszki, na bankiety, imprezy okolicznościowe.","1,5L",75cl,"39,90",AR.01.png,Włochy,Otwórz plik
AR.02,N/V,Czerwone,Merlot La Casada,Vino d’Italia - Włochy,Merlot,,"Wino wytrawne. Eleganckie, dobrze zbudowane wino o rubinowej barwie. Bukiet wyraźny z nutami porzeczki i fiołków. Polecane do gotowanego, pieczonego, grillowanego mięsa. Uniwersalne wino do sprzedaży na kieliszki, na bankiety, imprezy okolicznościowe.","1,5L",75cl,"39,90",AR.02.png,Włochy,Otwórz plik
RO.03,23,Białe,Pinot Grigio Casa Lunardi,D.O.C. Delle Venezie - Włochy,Pinot Grigio,,"Wino wytrawne. Aromaty owoców tropikalnych takich jak mango, kiwi z kuszącymi nutami kwiatów (akacja, wiciokrzew, pomarańcza). Umiarkowana kwasowość. Wino idealne do jarzynowych zup, sałat, przekąsek czy grillowanego białego mięsa.",12,75cl,"28,90",RO.03.png,Włochy,❌ brak pliku
RO.05,21,Białe,Chardonnay Casa Lunardi,I.G.T. Veneto - Włochy,Chardonnay,,"Wino wytrawne. Żywe, owocowe, szczepowe wino z aromatem moreli oraz nutami owoców egzotycznych. W smaku pełne, aksamitne harmonijne. Szczególnie polecane do dań wegetariańskich oraz ryby. Kwasowość 6g/l, cukier resztkowy 4g/l.",12,75cl,"26,90",RO.05.png,Włochy,❌ brak pliku
RO.04,21,Czerwone,Merlot Casa Lunardi,I.G.T. Veneto - Włochy,Merlot,,"Wino wytrawne. Świeże, owocowe wino z aromatem wiśni i delikatnym tchnieniem fiołków. Wyprodukowane wyłącznie z gron o wysokiej zawartości cukru. Wyróżniająca się barwa oraz taniny to efekt zastosowania metody „Ganimede” w procesie winifikacji. W smaku krągłe, bardzo dobrze pasuje do makaronów, serów, zup, dań mięsnych.",13,75cl,"26,90",RO.04.png,Włochy,❌ brak pliku
RO.07,21,Czerwone,Cabernet Sauvignon Casa Lunardi,I.G.T. Veneto - Włochy,Cabernet Sauvignon,,"Wino wytrawne. Jedynie grona o wysokiej zawartości cukru używane są w procesie winifikacji. Wino bogate w aromaty owoców leśnych z delikatną balsamiczną nutą. Idealne do czerwonego mięsa, sycących zup czy dojrzewających serów. Kwasowość 5,4g/l, cukier resztkowy 7g/l.",13,75cl,"26,90",RO.07.png,Włochy,❌ brak pliku
RO.06,N/V,Białe,Frizzante Casa Burti Flute,Veneto - Włochy,"Garganega, Pinot Grigio, Chardonnay",,"Wino musujące wytrawne. Dobrze zbalansowane, pełne energii wino musujące. Ujmujące kwiatowe aromaty z wyraźnym głogiem, soczystymi owocami cytrusowymi i zielonym jabłkiem. Przede wszystkim idealny aperitif a także polecany do sałatek, owoców morza, przekąsek, drobiu czy ryby. Kwasowość 5,2g/l, cukier resztkowy 11,5g/l.","10,5",75cl,"22,90",RO.06.png,Włochy,❌ brak pliku
RO.01,N/V,Białe,Prosecco Collezione Falceri Extra Dry,D.O.C. Proseco - Włochy,Glera,,"Wino musujące półwytrawne. Świeże, rewelacyjne owocowe Prosecco.Przywołuje wspomnienie słodkiego, soczystego jabłka, gruszki oraz kwiatu akacji. W smaku bliżej wina półwytrawnego aniżeli półsłodkiego (cukier resztkowy: 14g/l). Rewelacyjne jako aperitif, do włoskiej szynki, przekąsek czy owoców. Na każdą okazję.",11,75cl,"38,00",RO.01.png,Włochy,❌ brak pliku
RO.08,N/V,Białe,Prosecco Collezione Falceri Brut,D.O.C. Proseco - Włochy,Glera,,"Wino musujące wytrawne. Świeże, rewelacyjne owocowe Prosecco. Przywołuje wspomnienie soczystego jabłka, gruszki oraz kwiatu akacji. Rewelacyjne jako aperitif, do włoskiej szynki, przekąsek czy owoców. Na każdą okazję.",11,75cl,"38,00",RO.08.png,Włochy,❌ brak pliku
RO.11,N/V,Białe,Moscato Collezione Falceri Dolce,D.O.C. Moscato - Włochy,Moscato,,"Wino musujące słodkie. Maceracja winogron następuje w temperaturze 0 °C. Proces fermentacji ma miejsce w ciśnieniowych zbiornikach ze stali nierdzewnej aż do osiągnięcia pożądanego poziomu cukru resztkowego. Falceri Spumante Moscato to słodkie wino musujące z nutami moreli i brzoskwini. W ustach wyczuwalna dobrze wyważona kwasowość, która niweluje poziom cukru i daje uczucie orzeźwienia. Przyjemny aromatyczny finisz z subtelnym tchnieniem miodu sprawia, że wino idealnie komponuje się z wszelkimi deserami. Zawartość alkoholu 7%.",7,75cl,"28,90",RO.11.png,Włochy,Otwórz plik
RO.09,19,Czerwone,Amarone della Valpolicella Collezione Falceri,D.O.C.G. - Włochy,"Corvina, Rondinella, Corvinone",,"Wino wytrawne. Falceri Collezione Amarone della Valpolicella to eleganckie, pełne, złożone wino. Na podniebieniu wyczuwalny smak czarnej wiśni, pikantnych nut przypraw, wanilii i kawy na finiszu. Nagrody: GOLD MEDAL BERLINER 2022 Vintage 2018.",15,75cl,"138,00",RO.09.png,Włochy,❌ brak pliku
PR.20,N/V,Białe,Venetio Prosecco Extra Dry,Prosecco D.O.C. - Włochy,Glera,,"Wino musujące półwytrawne. Jasne, słomkowożółte wino musujące wyprodukowane ze szczepu Glera. Charakteryzujące się intensywnym, świeżym bukietem z nutami kwiatów akacji, wisterii i jabłka. W ustach harmonijne, soczyste, z przyjemnie orzeźwiającą kwasowością balansującą owocową słodycz. Idealne jako aperitif, do warzyw, ryb oraz delikatnych potraw. Przechowywać w chłodnym miejscu. Temperatura serwowania 4-6oC.","11,5",75cl,"35,00",PR.20.png,Włochy,❌ brak pliku
TD.09,N/V,Białe,Icy Spumante Villa Loren Extra Dry,Veneto - Włochy,Blend,,"Wino musujące półwytrawne. Kolor słomkowożółty. W aromacie przyjemnie świeże z nutami egzotycznych owoców. Na podniebieniu miękkie i kremowe. Serwować jako aperitif, do dań na bazie ryb oraz do lekkich sałat w temperaturze 6 - 8° C. Wino świetnie się sprawdza również podawane na zakończenie posiłku.",11,75cl,"22,90",TD.09.png,Włochy,Otwórz plik
RO.12,20,Pomarańczowe,Ispritz Frizzante L’aperitivo Koktajl Musujący,Włochy,Blend,,"Ispritz l’Aperitivo to doskonały koktajl musujący na bazie wina w stylu Aperola produkowany we Włoszech. Zainspirowany typowym weneckim aperitifem jest wyważoną mieszanką słodyczy pomarańczy i niepowtarzalnej goryczy ziół, gwarantującą niezapomniane doznania smakowe. Podawać na kruszonym lodzie z plasterkiem pomarańczy.","8,5",75cl,"27,90",RO.12.png,Włochy,❌ brak pliku
AR.03,24,Czerwone,Primitivo La Casada,I.G.T. Salento - Włochy,Primitivo,,"Wino wytrawne. Elegancka rubinowa barwa z fioletowymi refleksami. Intensywny, aromatyczny bukiet z wyczuwalną ciemną wiśnią, śliwką i konfiturami. W smaku przyjemne, ułożone, aksamitne. Znakomite do pieczeni, serów, zup.",13,75cl,"29,90",AR.03.png,Włochy,Otwórz plik
AR.04,22/23,Czerwone,Primitivo Domo Passiamo,I.G.T. Puglia - Włochy,Primitivo,,"Wino delikatnie wytrawne z nutą słodyczy. Wino poddawane specjalnej fermentacji poprzez dodanie podsuszonych gron, dzięki czemu uzyskuje się ciemną, głęboką barwę oraz więcej aromatów. Nos z przewodnią nutą jeżyny, suszonej śliwki, wiśni, czereśni oraz ciemnej czekolady. Znakomita równowaga między łagodnymi taninami a kwasowością, z przyjemną słodyczą z podsuszanych winogron. Wino w limitowanej edycji polecane do dojrzałych twardych serów, pieczeni wieprzowej, wołowych steków i dziczyzny.",13,75cl,"41,00",AR.04.png,Włochy,Otwórz plik
AR.05,21,Czerwone,Retro Primitivo Di Manduria (Heavy bottle Imperiale),D.O.C Primitivo Di Manduria - Włochy,Primitivo,,"Wino wytrawne. Intensywna purpurowa barwa, która wraz z wiekiem przechodzi w bursztynową. W ustach przede wszystkim suszona śliwka z nutami tytoniu i kawy. Wino o bardzo solidnej strukturze, która wynika z podwyższonej zawartości alkoholu. Znakomicie zachowana równowaga między delikatnymi taninami a kwasowością. Idealna pozycja do pieczonego czy grillowanego mięsa, dziczyzny, dojrzewających serów. Kwasowość 6,1g/l, cukier resztkowy 8 g/l.","14,5",75cl,"58,00",AR.05.png,Włochy,Otwórz plik
TD.05,21,Czerwone,Malluso Appassimento Salento,I.G.T Salento - Włochy,"Primitivo, Negroamaro",,"Wino wytrawne. Selektywnie wybrane winogrona przez około 15 dni są naturalnie podsuszane na winorośli (metoda appassimento). Poprzez utratę wagi o 50% w winogronach koncentrują się charakterystyczne nuty dojrzałych owoców, takich jak śliwka czy rodzynki. Dojrzewanie przez 3-4 miesiące w beczce dodaje przyjemnych nut przypraw i wanilii. Znakomicie pasuje do pieczeni czy dojrzewających serów. Kwasowość 6 g/l, cukier resztkowy 10 g/l.",14,75cl,"57,00",TD.05.png,Włochy,❌ brak pliku
TD.06,23,Czerwone,Chianti Pattini,D.O.C.G. Chianti - Włochy,"90% Sangiovese, 10% Canaiolo",,"Wino wytrawne. Jasny rubinowy kolor. Intensywny owocowy bukiet z dominacją czerwonej wiśni, dzikich jagód oraz fiołka. W ustach pełne, krągłe i eleganckimi miękkimi taninami. Doskonale sprawdzi się do klasycznych dań kuchni włoskiej, takich jak pizza, lasagne, makarony oraz serów i dań z intensywnością przypraw.",13,75cl,"33,00",TD.06.png,Włochy,❌ brak pliku
TD.01,N/V,Białe,Terre di Mario Vino Bianco,Włochy,Blend,,"Wino wytrawne. Włoskie stołowe wino z aromatami owoców cytrusowych, kwiatów, limonki oraz niuansami zielonego jabłka. Fermentacja alkoholowa oraz malolaktyczna zachodzi w kadziach ze stali nierdzewnej. Pełne ciała, między wytrawnym a półwytrawnym, bardzo żywe i świeże. Doskonałe do ryby, białego mięsa, zup warzywnych.","12,5",75cl,"20,90",TD.01.png,Włochy,❌ brak pliku
TD.02,N/V,Czerwone,Terre di Mario Vino Rosso,Włochy,Blend,,"Wino wytrawne. Fermentacja alkoholowa oraz malolaktyczna zachodzą w kadziach ze stali nierdzewnej. W smaku wyczuwalne dojrzałe owoce z wyraźną jeżyną i wiśnią. Wino o bardzo dobrze zachowanej równowadze między miękkimi taninami a kwasowością. Rekomendowane do twardych dojrzewających serów, pieczeni wieprzowej, steków wołowych, dziczyzny.",13,75cl,"20,90",TD.02.png,Włochy,❌ brak pliku
TD.16,N/V,Różowe,Terre Di Mario Rose,Abruzzo - Włochy,Blend,,"Wino wytrawne. Wino o barwie wiśnioworóżowej. Owocowy bukiet z nutami wiśni i kwiatowymi nutami róży. Pachnący i harmonijny smak. Idealne do przystawek, pierwszych dań, białych mięs, zup rybnych i serów. Doskonałe z pizzą.","11,5",75cl,"20,90",TD.16.png,Włochy,❌ brak pliku
TD.03,21,Czerwone,Terre di Mario Montepulciano d’Abruzzo,D.O.C. Montepulciano D’Abruzzo - Włochy,Montepulciano,,"Wino wytrawne. Przyjemny owocowy bukiet, który w pełni oddaje region Abruzji, gdzie jednocześnie mamy wpływ klimatu śródziemnomorskiego oraz bałkańskiego. W smaku wytrawne, krągłe. Zakończenie bogate, z delikatnymi taninami i dobrą kwasowością. Idealna pozycja do czerwonego mięsa oraz dań z makaronem.","12,5",75cl,"29,00",TD.03.png,Włochy,❌ brak pliku
TD.04,23,Białe,Terre di Mario Pinot Grigio,I.G.T. Terre di Chieti - Włochy,Pinot Grigio,,"Wino wytrawne. Kolor słomkowożółty. Świeży bukiet z delikatnymi owocowymi aromatami. Nuty białej brzoskwini i owoców tropikalnych. Wytrawny i harmonijny smak. Idealny towarzysz ryb, białych mięs i delikatnych serów.","12,5",75cl,"29,00",TD.04.png,Włochy,❌ brak pliku
TD.10,20,Czerwone,La Calla Pinot Nero,IGT Provincia di Pavia - Włochy,Pinot Nero,,"Wino wytrawne. Wino wyprodukowane ze szczepu Pinot Nero o lekko pikantnym i owocowym zapachu, w którym dominują nuty jagód, jeżyn, borówek i morwy. Na podniebieniu jest intensywne, a finisz jest zaokrąglony i owocowy z dobrze zintegrowanymi taninami. Idealnie skomponuje się z czerwonymi pieczonymi i grillowanymi mięsami, włoskimi makaronami czy twardymi serami.","13,5",75cl,"29,00",TD.10.png,Włochy,Otwórz plik
TD.11,22,Czerwone,La Calla Appassimento Rosso,IGT Puglia - Włochy,"Negroamaro, Merlot, Primitivo",,"Wino wytrawne. Intensywny, głęboki czerwony kolor. Odpowiednio późne zbiory winogron nadają charakterystyczne nuty dojrzałych i suszonych owoców, zwłaszcza takich jak śliwki i rodzynki. Dodatkowo lekkie starzenie wina w dębowych beczkach uzupełnia nos o przyjemne nuty czekolady i przypraw, które czynią to wino harmonijnym i zrównoważonym, przyjemnym i dojrzałym. Doskonale komponuje się z grillowaną dziczyzną; także do bogatych zup, twardych serów.","14,5",75cl,"33,00",TD.11.png,Włochy,Otwórz plik
TD.12,19,Czerwone,Sapor Temporis Valpolicella Superiore Ripasso,DOC Valpolicella Superiore - Włochy,"Corvina, Corvinone, Rondinella",,"Wino wytrawne. Ripasso oznacza po włosku „powtórny”. Chodzi tutaj o powtórną fermentację, która zachodzi w winie po dodaniu wytłoczyn pozostałych po produkcji Amarone do podstawowej Valpolicelli. Cukier zawarty w wytłoczynach powoduje wznowienie fermentacji. Sapor Temporis Valpolicella Ripasso Superiore DOC to eleganckie i wyrafinowane wino o dominujących aromatach wiśni i dzikich jagód uzupełnione delikatnie pikantnymi aromatami. Wino charakteryzujące się wielką osobowością i złożonością. W smaku bogate, bardzo owocowe i z bardzo ładną taniną. Doskonale skomponuje się z daniami z grilla i dojrzewającymi serami. Należy je podawać w temperaturze 16° - 18°C.",14,75cl,"47,00",TD.12.png,Włochy,❌ brak pliku
TD.13,18/20,Czerwone,Sapor Temporis Amarone della Valpolicella,DOCG Amarone della Valpolicella - Włochy,"Corvina, Corvinone, Rondinella",,"Wino wytrawne. Amarone to obok Barolo i Brunello jedno z najbardziej prestiżowych włoskich win. Pochodzi ono z leżącego na północy Włoch regionu Veneto. Sapor Temporis Amarone della Valdpolicella DOC dojrzewało 6 miesięcy we francuskiej barrique oraz dodatkowo 3 miesiące w butelce. Intensywna rubinowa barwa. Wino o niezwykle mocnej strukturze, które na podniebieniu ukazuje głębię, elegancję i moc. Wyraźne aromaty dojrzałych owoców, jagód, suszonych kwiatów,, lukrecji, dymu tytoniowego oraz orzechów włoskich. W smaku aksamitne, pełne, zbalansowane. Polecane do czerwonego mięsa, pieczeni, dziczyzny, serów. Kwasowość 6% / cukier resztkowy 11 g/l. [NAGRODY] - 88 pkt Wine Spectator.",15,75cl,"107,00",TD.13.png,Włochy,❌ brak pliku
MZ.56,21,Białe,Mottura Fiano del Salento,I.G.T. Fiano del Salento - Włochy,Fiano,,"Wino wytrawne. Wino wyprodukowane w Salento z odmiany winogron Fiano zbieranych ręcznie. Winogrona delikatnie tłoczone i fermentowane w kontrolowanej temperaturze. Słomkowożółty kolor z zielonkawymi refleksami. Bukiet bogaty w delikatne owocowe nuty białej brzoskwini, egzotycznych owoców i białych kwiatów. W ustach przyjemne, miękkie i soczyste.","12,5",75cl,"39,90",MZ.56.png,Włochy,Otwórz plik
MZ.40,15,Czerwone,Mottura Negroamaro del Salento,I.G.T. Del Salento - Włochy,Negroamaro,6 miesięcy,"Wino wytrawne. Wino 6 miesięcy dojrzewało we francuskiej barrique oraz dodatkowo 3 miesiące w butelce. Intensywna rubinowa barwa. Wyraźne aromaty dojrzałych owoców, papryki, dymu tytoniowego oraz orzechów włoskich. W smaku aksamitne, pełne, zbalansowane. Polecane do czerwonego mięsa, pieczeni, dziczyzny, serów. Kwasowość 6% / cukier resztkowy 11 g/l. [NAGRODY] - 88 pkt Wine Spectator.","12,5",75cl,"36,90",MZ.40.png,Włochy,Otwórz plik
LF.03,22,Czerwone,Livio Felluga Vertigo,I.G.T. Delle Venezie - Włochy,"Merlot, Cabernet Sauvignon",,"Wino wytrawne. Ciemnowiśniowa barwa z intensywnymi fioletowymi niuansami. Wino dojrzewa w kadziach ze stali nierdzewnej i małych beczkach z dębu francuskiego przez co najmniej 12 miesięcy i minimum 4 miesiące w butelce. Intensywny owocowy bukiet z wiśnią, czerwoną papryką, porzeczką, jeżyną i jagodą, zintegrowany ze słodkimi przyprawami i lukrecją. Taniny zrównoważone z kwasowością. Podawać do pikantnych makaronów, potraw z ryżem, grillowanego lub duszonego czerwonego mięsa, wołowiny, pieczonej wieprzowiny, jagnięciny, koziego mięsa, średnio dojrzałych serów. NAGRODY - 88 pkt Wine&Spirits, 87 pkt Wine Spectator.",13,75cl,"89,00",LF.03.png,Włochy,Otwórz plik
LF.02,23,Białe,Livio Felluga Sharis,I.G.T. Delle Venezie - Włochy,"Chardonnay, Ribolla, Gialla",,"Wino wytrawne. Dojrzewa na osadzie w kadziach ze stali nierdzewnych przez 6 miesięcy, a następnie 2 miesiące w butelce. Jasnosłomkowa barwa. Nos owocowy, świeży, z nutami ananasa, cytryny, białej brzoskwini, kopru włoskiego i białych kwiatów. W smaku żywe, o świetnej kwasowości. Długie i trwałe zakończenie z niuansem owoców cytrusowych oraz przypraw. Idealne jako aperitif, a także do szparagów, zup warzywnych, roślin strączkowych i marynowanych ryb.",13,75cl,"89,00",LF.02.png,Włochy,Otwórz plik
LF.08,23,Białe,Livio Felluga Pinot Grigio,D.O.C. Friuli Colli Orientali - Włochy,Pinot Grigio,,"Wino wytrawne. Po zakończeniu procesu fermentacji dojrzewa na osadzie w kadziach ze stali nierdzewnej przez 6 miesięcy oraz dodatkowo co najmniej 2 miesiące w butelce. Słomkowożółta barwa. Nos elegancki, złożony, z wyraźnymi nutami jaśminu, magnolii oraz aromatami białej brzoskwini, moreli, skórki pomarańczowej, żółtego jabłka, kantalupa, dzikiej róży i mięty. Na podniebieniu jak i w aromacie wyczuwalna mineralność i przyprawy. Wino pełne ciała, trwałe. Polecane do ryby, przekąsek z mięczaków, risotto i pieczonych warzyw. [NAGRODY] - 91 pkt Wine Spectator, 91 pkt Decanter, 91 pkt Wine&Spirits, 89 pkt Wine Enthusiast, Top 100 – Wine Spectator, Najlepsze Pinot Grigio na Świecie.","13,5",75cl,"105,00",LF.08.png,Włochy,Otwórz plik
LF.20,21,Białe,Livio Felluga Pinot Grigio Curubella,D.O.C. Friuli Colli Orientali - Włochy,Pinot Grigio,,"Wino wytrawne. „Curubella"" to określenie oznaczające „wyrafinowany i harmonijny"" i nawiązujące do eleganckich europejskich salonów z początku XX w. Wino wyprodukowane ze specjalnie wyselekcjonowanych winogron Pinot Grigio. Nos jest mineralny i krągły, przywołujący aromaty żółtych kwiatów i dojrzałych owoców w harmonii z nutami mineralnymi, korzennymi i balsamicznymi. W ustach wyczuwalny nagietek, gerbera, lilia świętojańska, miód i limonka z niuansami białego melona, papai, białej wiśni i mokrego kamienia.",13,75cl,"255,00",LF.20.png,Włochy,❌ brak pliku
LF.05,23,Białe,Livio Felluga Friulano,D.O.C Friuli Colli Orientali - Włochy,Friulano,10 miesięcy,"Wino wytrawne. Dojrzewa na osadzie w kadziach ze stali nierdzewnej przez 6 miesięcy, a następnie co najmniej 2 miesiące w butelce. Nos z miętą, skórką cytrynową, żółtym jabłkiem, tymiankiem, oregano oraz nutami kwiatów pomarańczy, imbiru, szałwii, orzecha włoskiego i glicynii. W smaku eleganckie o przyjemnej kwasowości, z migdałową i ziołową nutą w zakończeniu. Tradycyjny aperitif we Friuli znakomicie pasujący do prosciutto crudo, salami, dań rybnych oraz tłustych serów.","13,5",75cl,"115,00",LF.05.png,Włochy,Otwórz plik
LF.01,22,Białe,Livio Felluga Sauvignon Blanc,D.O.C. Collio - Włochy,Sauvignon Blanc,,"Wino wytrawne. Tradycyjne wino z Friuli. Dojrzewa na osadzie w kadziach ze stali nierdzewnych przez 6 miesięcy i co najmniej 2 miesiące w butelce. Słomkowa barwa z zielonkawymi refleksami. Bukiet z dominującą marakują, owocami cytrusowymi, lychee, żółtą papryką, bukszpanem, szałwią, a także liściem pomidora, anyżem, kiwi, kandyzowanymi cytrusami i pokrzywą. W smaku orzeźwiające, harmonijne, z długim i trwałym zakończeniem. Znakomite jako aperitif, do szparagów, zup warzywnych, roślin strączkowych i marynowanych ryb. [NAGRODY] - 90 pkt Wine Spectator, 90 pkt Decanter, ** I Vini di Veronelli.",13,75cl,"105,00",LF.01.png,Włochy,Otwórz plik
LF.06,21,Białe,Livio Felluga Terre Alte,D.O.C.G. Rosazzo - Włochy,"Friulano, Pinot Bianco, Sauvignon Blanc",,"Wino wytrawne. Produkowane od 1981 roku, wino Terre Alte, jest uznawane za jedno z najbardziej prestiżowych białych win we Włoszech. Przez około 10 miesięcy Pinot Bianco i Sauvignon Blanc dojrzewają w tankach ze stali nierdzewnej, a Friulano w małych dębowych beczkach. Po połączeniu kolejne 10 miesięcy spędzają w butelce. Nos intensywny, złożony z przepiękną paletą aromatów począwszy od owoców tropikalnych (mango, marakuja, avocado) poprzez soczyste jabłko, krem waniliowy, pistację, melisę, limoncello, skórkę grejpfruta oraz marcepan. W ustach przywołuje soczystą pulpę z owoców tropikalnych, kremowe nuty, z subtelnym akcentem przypraw i karmelizowanych orzeszków piniowych. Eleganckie wielkie wino do ryby, dań z warzywami, białego mięsa oraz serów. [NAGRODY]: 95 pkt Guida Essenziale ai Vini d’Italia, 4 Vine Shoots, Vitae Super 3 Stars, I Vini di Veronelli.","13,5",75cl,"399,00",LF.06.png,Włochy,Otwórz plik
GU.02,21/22,Czerwone,Le Difese,I.G.T. Toscana - Włochy,"70% Cabernet Sauvignon, 30% Sangiovese - Włochy",12 miesięcy,"Wino wytrawne. Jedno z najlepszych win włoskich. Wino z prestiżowej winnicy Tenuta San Guido (producent słynnej Sassicai). Blend Cabernet Sauvignon z Sangiovese dojrzewający 12 miesięcy we francuskich i amerykańskich dębowych barrique. Wyraziste aromaty jeżyn, jagód, wiśni, malin uzupełnione aromatami pochodzącymi z beczki takimi jak palone drewno, tytoń, cedr. Charakteryzuje się przyjemną strukturą i cudowną świeżością. Ma potencjał do leżakowania. Będzie idealnym pomysłem na prezent, na wyjątkową randkę czy eleganckie spotkanie biznesowe.",14,75cl,"129,00",GU.02.png,Włochy,Otwórz plik
GU.03,22,Czerwone,Guidalberto,I.G.T. Toscana - Włochy,"60% Cabernet Sauvignon, 40% Merlot",12 miesięcy,"Wino wytrawne. Drugie wino z posiadłości Tenuta San Guido nazwane na cześć wielkiego przodka obecnego właściciela winnicy. Dojrzewa 12 miesięcy we francuskiej i amerykańskiej dębowej barrique i dodatkowo 3 miesiące w butelce. Bardzo intensywna fioletowa barwa. Nos z długim i trwałym bukietem, w smaku wyróżniająca się struktura i świetna równowaga. [NAGRODY] - 95 pkt Wine Enthusiast.","13,5",75cl,"249,00",GU.03.png,Włochy,Otwórz plik
GU.01,21,Czerwone,Sassicaia,D.O.C. Bolgheri Sassicaia - Włochy,"85% Cabernet Sauvignon, 15% Cabernet Franc",24 miesięcy,"Wino wytrawne.Sassicaia: włoskie wino, które złamało wszelkie zasady i stało się legendą włoskiego winiarstwa. Absolutna ikona, którą pożąda w swojej kolekcji każdy koneser wina. Jeden z najlepszych supertoscanów na świecie, który sprawił, że wina włoskie osiągnęły zupełnie nowy poziom. Blend 85% Cabernet Sauvignon i 15% Cabernet Franc, który dojrzewał przez 24 miesiące we francuskiej dębowej beczce, a następnie przez 6 miesięcy w butelce. Każdy rocznik tego kultowego wina zbiera ogromne pochwały, wielkie notowania i trafia do piwniczek kolekcjonerów. Według portalu Wine-Searcher jest to szóste najczęściej poszukiwane wino świata i jedyne włoskie w zestawieniu 25 najlepszych win świata. Wino, które warto pić i w które zdecydowanie warto inwestować. Świetny potencjał starzenia. [NAGRODY]: 100 pkt. Robert Parker’s Wine Advocate (rocznik 2021), 97 pkt. Decanter Magazine, 97 pkt James Suckling, 97 pkt Vinous, 97 pkt Wine Enthusiast.",14,75cl,"1399,00",GU.01.png,Włochy,Otwórz plik
SL.07,23,Białe,Vette di San Leonardo,I.G.T. Vigneti Delle Dolomiti - Włochy,Sauvignon Blanc,,"Wino wytrawne. Białe eleganckie wino z winnicy otoczonej wzniesieniem Vette. Dojrzewało 5 miesięcy nad osadem w kadziach ze stali nierdzewnej. Aromatyczny bukiet z nutami białej brzoskwini, zielonej papryki oraz przyjemnym tchnieniem szałwii. W smaku wytrawne, pełne ciała, z zaznaczoną kwasowością oraz wyraźną mineralnością. Znakomity aperitif a także partner do ryby, białego mięsa, sałatek, serów. [NAGRODY] - 91 pkt - James Suckling, 91- pkt Doctor Wine, 90 - pkt Wine Spectator, 89 pkt Veronelli, 88+ pkt Wine Advocate, Bibenda, Gambero Rosso.","12,5",75cl,"71,00",SL.07.png,Włochy,❌ brak pliku
SL.05,21,Czerwone,Terre di San Leonardo,I.G.T. Vigneti Delle Dolomiti - Włochy,"50% Cabernet Sauvignon , 40% Merlot, 10% Carmenere",24 miesięcy,"Wino wytrawne. 80% wina dojrzewa przez 18 miesięcy w dużych beczkach ze słoweńskiego dębu, a 20% we francuskiej barrique przez co najmniej 6 miesięcy, następnie dodatkowo minimum 6 miesięcy w butelce. Piękna, głęboka rubinowa barwa. Z czasem bogate aromaty alkoholu i soczystych owoców przechodzą w wyraźne nuty dojrzałej śliwki. Wino dobrze wyważone z gorzkawą nutą w zakończeniu. Polecane do potraw z ryżu, makaronu w sosie pomidorowym lub grillowanego mięsa, drobiu, białego mięsa i serów. [NAGRODY] 93 pkt. James Suckling, 91 pkt. Wine Advocate, 90 pkt. Doctor Wine, 90 pkt. Veronelli, 89 pkt. Wine Spectator, Bibenda, Gambero Rosso.",13,75cl,"79,00",SL.05.png,Włochy,❌ brak pliku
SL.06,19,Czerwone,"Terre di San Leonardo MAGNUM 1,5L oryginalny kartonik",I.G.T. Vigneti Delle Dolomiti - Włochy,"50% Cabernet Sauvignon , 40% Merlot, 10% Carmenere",24 miesięcy,"Wino wytrawne. 80% wina dojrzewa przez 18 miesięcy w dużych beczkach ze słoweńskiego dębu, a 20% we francuskiej barrique przez co najmniej 6 miesięcy, następnie dodatkowo minimum 6 miesięcy w butelce. Piękna, głęboka rubinowa barwa. Z czasem bogate aromaty alkoholu i soczystych owoców przechodzą w wyraźne nuty dojrzałej śliwki. Wino dobrze wyważone z gorzkawą nutą w zakończeniu. Polecane do potraw z ryżu, makaronu w sosie pomidorowym lub grillowanego mięsa, drobiu, białego mięsa i serów. [NAGRODY] 93 pkt. James Suckling, 91 pkt. Wine Advocate, 90 pkt. Doctor Wine, 90 pkt. Veronelli, 89 pkt. Wine Spectator, Bibenda, Gambero Rosso.",13,"1,5L","166,00",SL.06.png,Włochy,❌ brak pliku
SL.03,18/20,Czerwone,Villa Gresti San Leonardo,I.G.T. Vigneti Delle Dolomiti - Włochy,"90% Merlot, 10% Carmenere",12 miesięcy,"Wino wytrawne. Ręczny zbiór, spontaniczna fermentacja 15-18 dni w małych betonowych kadziach, dojrzewanie przez 12 miesięcy we francuskich barrique. Intensywny bukiet z dojrzałymi czerwonymi owocami, aromatem śliwek, jeżyn, czarnej porzeczki i borówek. Na podniebieniu początkowo dużo dojrzałych jagód, następnie zrównoważone eleganckimi taninami. Dobrze zbudowane wino z potencjałem do dłuższego przechowywania. Idealne do czerwonych mięs, dzikiego ptactwa, pieczeni, oraz serów. [NAGRODY] - 92 pkt Veronelli, 91 pkt - Doctor Wine, Bibenda, Gambero Rosso.",13,75cl,"144,00",SL.03.png,Włochy,❌ brak pliku
SL.01,18/19,Czerwone,San Leonardo VEGAN,I.G.T. Vigneti Delle Dolomiti - Włochy,"60% Cabernet Sauvignon, 30% Cabernet Franc, 10% Merlot",24 miesiące,"Wino wytrawne. Wino dojrzewa w nowych i używanych francuskich barrique przez 24 miesiące i następnie rok w butelce. Intensywna rubinowa barwa z granatowymi refleksami. Wino o niesamowitym, intensywnym nosie, z nutami papryki i leśnych owoców jagodowych na tle aromatu wanilii. W ustach pełne, ciepłe, krągłe. Duma winnicy Tenuta San Leonardo. Idealny partner do potraw z czerwonego mięsa, drobiu, pieczeni, duszonego mięsa, dziczyzny i dojrzałych serów. [NAGRODY]: Vinous 96 pkt, James Suckling 98 pkt, Decanter 98 pkt, Doctor Wine 98 pkt, Civilità del Bere - Miglior Vino, Gambero Rosso - 3 Bicchieri e Cantina dell’anno, Jancis Robinson 17+ pkt.",13,75cl,"430,00",SL.01.png,Włochy,❌ brak pliku
MZ.01,23,Białe,Castel Firmian Pinot Grigio,D.O.C. Trentino - Włochy,Pinot Grigio,,"Wino wytrawne. Z winnic położonych wzdłuż doliny Adygi, u stóp Dolomitów. Słomkowożółta barwa. Nos owocowy z kwiatową nutą rumianku. W smaku wytrawne, eleganckie, o delikatnej kwasowości. Wino idealne jako aperitif, a także do przekąsek, białego mięsa i ryb. 90 / 100 pkt. – Castel Firmian Pinot Grigio Riserva 2018 VINITALY INTERNATIONAL AWARD, 88 pkt. James Suckling","12,5",75cl,"39,90",MZ.01.png,Włochy,Otwórz plik
MZ.02,22,Czerwone,Castel Firmian Cabernet Sauvignon,D.O.C. Trentino - Włochy,Cabernet Sauvignon,6-10 miesięcy,"Wino wytrawne. Wino z winnic położonych na terenie Arco, na północ od Jeziora Garda. Dojrzewa w dębie przez okres 6-10 miesięcy. Rubinowa barwa. Bukiet intensywny, złożony, z nutami przypominającymi eukaliptusa i słodkie owoce zintegrowane z aromatem dębu. W smaku wytrawne, pełne ciała, dobrze zbudowane. Idealne do czerwonego mięsa, pieczeni, dziczyzny i serów.",13,75cl,"39,90",MZ.02.png,Włochy,Otwórz plik
MZ.53,23,Białe,Castel Firmian Gewürztraminer,D.O.C. Trentino - Włochy,Gewürztraminer,,"Wino wytrawne. Wino o słomkowożółtym kolorze ze złotymi refleksami. Nos intensywny z nutami dzikich kwiatów, zwłaszcza dzikiej róży, i owoców, takich jak mango i czerwona porzeczka. Przyjemne, ze średnią kwasowością. Idealny dodatek do dań z owocami morza, szparagami, przystawkami z żółtym serem. Podawać w temperaturze 10-12 °C.","13,5",75cl,"49,90",MZ.53.png,Włochy,Otwórz plik
MZ.47,19,Czerwone,Castel Firmian Nerofino Rosso,I.G.T. Vigneti Delle Dolomiti - Włochy,"Teroldego, Lagrein",12 miesięcy,"Wino wytrawne. Wino zachwycające owocowym bukietem, z charakterystycznymi dla szczepu Teroldego nutami porzeczki, jeżyny i jagody oraz, pochodzącym ze szczepu Lagrein, aromatem kakao i marmolady. Dobrze zbudowane wino, ze zrównoważoną kwasowością, subtelnymi taninami. Idealne z pikantnymi przystawkami oraz potrawami z czerwonego mięsa, grillowanymi warzywami, włoskimi pastami i dojrzewającymi serami. Nagrody: 90 pkt. James Suckling.",13,75cl,"41,90",MZ.47.png,Włochy,Otwórz plik
MZ.07,22,Różowe,Castel Firmian Fildirose Pinot Grigio Rose,I.G.T. Vigneti Delle Dolomiti - Włochy,Pinot Grigio,,"Wino wytrawne różowe. Wino ze szczepu Pinot Grigio uprawianego u podnóża Dolomitów, których bogate w minerały terroir sprzyja jakości winogron utrzymując odpowiedni poziom świeżości i kwasowości. Wino świeże, z bogatym aromatem czerwonych owoców, różowego grejpfruta oraz nutami kwiatowymi. Mineralne, z orzeźwiającą kwasowością, dzięki czemu wino jest idealne jako aperitif czy też do lekkich dań kuchni śródziemnomorskiej.","12,5",75cl,"39,90",MZ.07.png,Włochy,Otwórz plik
MZ.05,17,Białe,Rotari Brut Riserva d’Oro Millesimato d’Italia Metodo Classico,D.O.C. Trento - Włochy,Chardonnay,,"Wino wytrawne musujące. Wino wyprodukowane znaną od 400 lat we Włoszech „metodo classico”, z drugą fermentacją w butelce, dojrzewające na osadzie co najmniej 36 miesięcy. Nos intensywny, elegancki, złożony. W smaku wytrawne, pełne, z dominującymi nutami dojrzałych owoców cytrusowych, gruszki i delikatną mineralnością. Dobrze zbudowane z wyraźnymi bąbelkami. Doskonały aperitif, a także partner do każdej potrawy. Kwasowość 6,2% / cukier resztkowy 8 g/l. [NAGRODY] - Gold Medal – Mundus Vini.","12,5",75cl,"66,90",MZ.05.png,Włochy,Otwórz plik
MZ.54,18,Białe,Rotari Blanc de Blancs Extra Brut Millesimato d’Italia Metodo Classico,D.O.C. Trento - Włochy,Chardonnay,,"Wino wytrawne musujące. Eleganckie, gładkie i trwałe perlage. Kolor jasnosłomkowy. W nosie wyraźne aromaty dojrzałych owoców, jabłek i ananasa, wynikających z dużej różnicy temperatur podczas dojrzewania winogron. Nuty suszonych owoców, orzechów laskowych i skórki chleba uzupełniają bukiet. Smak dobrze wyważony, spójny z aromatami, z wytrawnym mineralnym tchnieniem i długim finiszem. Towarzysz surówek, krewetek, ostryg, bogatych dań rybnych i lekkich dań mięsnych.","12,5",75cl,"66,90",MZ.54.png,Włochy,Otwórz plik
MZ.03,22,Białe,Castel Firmian Pinot Grigio Riserva,D.O.C. Trentino - Włochy,Pinot Grigio,6-8 miesięcy,"Wino wytrawne. 60% wina po procesie fermentacji dojrzewa przez 6-8 miesięcy w dębowej beczce i następnie jest łączone z winem, które pozostało w kadziach ze stali nierdzewnej. Nos z dojrzałymi owocami (biała brzoskwinia, gruszka), rumiankiem oraz słodkimi nutami wanilii. W smaku harmonijne, eleganckie, czyste. Idealne jako aperitif, a także do makaronów, ryb i białego mięsa. [NAGRODY] - 90 pkt. Winitaly, 88 pkt Wine Enthusiast, 87 pkt Wine Spectator, **** North&South, Silver Medal – Japan Wine Challenge, Silver Medal – County Fair, Wine Competition, Silver Medal – Decanter, Top 100 – Vancouver, 90 pkt. James Suckling.",13,75cl,"49,90",MZ.03.png,Włochy,Otwórz plik
MZ.06,20,Czerwone,Castel Firmian Teroldego Rotaliano Riserva,D.O.C. Trentino - Włochy,Teroldego Rotaliano,12 miesięcy,"Wino wytrawne. Rubinowa barwa z fioletowymi refleksami. Nos intensywny, bogaty w nuty owoców leśnych, szczególnie jagody, jeżyny i maliny. W smaku wytrawne, harmonijne, owocowe, z aksamitnymi taninami. Znakomite do lasagne, pieczonego i grillowanego mięsa oraz potraw kuchni Trydentu. [NAGRODY] - 89 pkt Wine Enthusiast, 86 pkt Wine Spectator, 86 pkt Wine&Spirits, ****North&South, Silver Medal – International Wine Challenge, Silver Medal – Japan Wine Challenge, Best Buy – Wine Enthusiast, Top 100 – Vancouver, 92 pkt. James Suckling.",13,75cl,"49,90",MZ.06.png,Włochy,Otwórz plik
MZ.55,24,Białe,Feudo Arancio Chardonnay,D.O.C. Sicilia - Włochy,Chardonnay,,"Wino wytrawne. Kolor słomkowożółty ze złotymi odcieniami. Bukiet świeży i owocowy z nutami ananasa, owoców tropikalnych oraz wanilii. W smaku harmonijne, kremowe, ze zrównoważoną kwasowością. Podawać ze świeżymi warzywami, surowymi owocami morza, makaronami z warzywami oraz białym mięsem.","13,5",75cl,"34,50",MZ.55.png,Włochy,Otwórz plik
MZ.30,23,Białe,Feudo Arancio Grillo,D.O.C. Sicilia - Włochy,Grillo,,"Wino wytrawne. Wino oddające charakter sycylijskiej odmiany Grillo. W aromacie wyczuwalne tropikalne owoce, takie jak mango i papaja, w połączeniu z nutą jaśminu i białych kwiatów. Wino wyważone, harmonijne, o delikatnej kwasowości. Rekomendowane do owoców morza, białego mięsa, carpaccio, pieczonej ryby, makaronów i warzyw. [NAGRODY] - 89 pkt. Wine Enthusiast, Gold Medal – Mundus Vini, Bronze Medal – International Wine Challenge, Bronze Medal – CWSA (China), Silver Medal - Sommelier Wine Awards. GOLD MEDAL - 2020 Frankfurt International Wine Trophy.",13,75cl,"34,50",MZ.30.png,Włochy,Otwórz plik
MZ.43,21,Białe,Feudo Arancio Grillo,D.O.C. Sicilia - Włochy,Grillo,,"Wino wytrawne. Wino oddające charakter sycylijskiej odmiany Grillo. W aromacie wyczuwalne tropikalne owoce, takie jak mango i papaja, w połączeniu z nutą jaśminu i białych kwiatów. Wino wyważone, harmonijne, o delikatnej kwasowości. Rekomendowane do owoców morza, białego mięsa, carpaccio, pieczonej ryby, makaronów i warzyw. [NAGRODY] - 89 pkt. Wine Enthusiast, Gold Medal – Mundus Vini, Bronze Medal – International Wine Challenge, Bronze Medal – CWSA (China), Silver Medal - Sommelier Wine Awards. GOLD MEDAL - 2020 Frankfurt International Wine Trophy.",13,"37,5cl","19,90",MZ.43.png,Włochy,Otwórz plik
MZ.35,20,Czerwone,Anterra Pinot Noir,I.G.T. Terre Siciliane - Włochy,Pinot Noir,,"Wino wytrawne. Wino wytrawne. Przyjemne owocowe aromaty wiśni, śliwki i truskawki z akcentem białego pieprzu, goździków, dymu. Wino pełne, ale nie ciężkie znakomicie pasujące do większości potraw.",13,75cl,"29,90",MZ.35.png,Włochy,Otwórz plik
MZ.39,24,Różowe,Feudo Arancio Tinchite Rose Frappato,I.G.T. Terre Siciliane - Włochy,Frappato,,"Wino wytrawne. Różowe wino wyprodukowane z Frappato, jednej z najstarszych odmian winorośli na Sycylii. „Tinchite” w dialekcie sycylijskim oznacza „bogate/hojne”. Nos zachwycający aromatami pelargonii, maliny, jeżyny, poziomki, czarnej porzeczki i owocu granatu. Barwa wiśniowa z fioletowymi niuansami. Idealne jako aperitif, a także znakomicie pasujące do przekąsek, serów, pizzy, sałatek, ryb. Kwasowość 5,5% / cukier resztkowy 9 g/l. [NAGRODY] - Gold Medal – Berliner Wein Trophy, Silver Medal – Mundus Vini, Silver Medal – International, Wine Challenge, Bronze Medal – Decanter.",12,75cl,"37,90",MZ.39.png,Włochy,Otwórz plik
MZ.04,22,Czerwone,Feudo Arancio Nero d’Avola,D.O.C. Sicilia - Włochy,Nero d’Avola,6 miesięcy,"Wino wytrawne. Wino z Sycylii z regionu Sambuca położonego w pobliżu jeziora Arancio. W smaku żywe z nutami czarnej porzeczki i lukrecji, z odrobiną słodyczy, o bardzo przyjemnym zakończeniu. Polecane do makaronów, risotto, serów. [NAGRODY] - Gold - Berliner Wine Trophy, Silver Medal – County Fair Wine Competition, Silver Medal - Sommelier Wine Awards. GOLD MEDAL - 2020 Frankfurt International Wine Trophy",13,75cl,"34,50",MZ.04.png,Włochy,Otwórz plik
MZ.44,22,Czerwone,Feudo Arancio Nero d’Avola,D.O.C. Sicilia - Włochy,Nero d’Avola,6 miesięcy,"Wino wytrawne. Wino z Sycylii z regionu Sambuca położonego w pobliżu jeziora Arancio. W smaku żywe z nutami czarnej porzeczki i lukrecji, z odrobiną słodyczy, o bardzo przyjemnym zakończeniu. Polecane do makaronów, risotto, serów. [NAGRODY] - Gold - Berliner Wine Trophy, Silver Medal – County Fair Wine Competition, Silver Medal - Sommelier Wine Awards. GOLD MEDAL - 2020 Frankfurt International Wine Trophy",13,"37,5cl","19,90",MZ.44.png,Włochy,Otwórz plik
MZ.15,22,Czerwone,Feudo Arancio Syrah,D.O.C. Sicilia - Włochy,Syrah,10 miesięcy,"Wino wytrawne. Blend Syrah z gron uprawianych w regionie Sambuca di Sicilia, które wnoszą do wina strukturę oraz gron uprawianych w regionie Acate, które odpowiadają za delikatną owocowość. Nos z wyraźnymi nutami czarnego pieprzu i tymianku na tle owoców leśnych. Po okresie 10 miesięcy w beczce z francuskiego dębu wyczuwalne wygładzone taniny cieszące każde podniebienie. Idealny partner do czerwonego mięsa, dziczyzny, desek wędlin i wędzonych serów. Nagroda: GOLD MEDAL - Sommelier Wine Awards.","13,5",75cl,"34,50",MZ.15.png,Włochy,Otwórz plik
MZ.38,21,Czerwone,Feudo Arancio Rosso Riserva,D.O.C. Sicilia - Włochy,Nero d’Avola,8-10 miesięcy,"Wino wytrawne. Wino wyprodukowane z gron Nero d’Avola uprawianych w dwóch regionach Sycylii o odmiennych warunkach klimatycznych tj. Ragusa i Agrigento. 30% winogron dojrzewa w kadziach ze stali nierdzewnej, a pozostała część przez 8-10 miesięcy we francuskim dębie. Bukiet dojrzały, z nutami jeżyn, wiśni, dymem tytoniowym oraz wanilią. W smaku pełne, soczyste, z eleganckimi taninami. Doskonale pasuje do serów, przekąsek i potraw z czerwonego mięsa. Kwasowość 5% / cukier resztkowy 7,5 g/l. Nagrody: Gold Medal – Mundus Vini, Silver Medal – Sommelier Wine Awards.","13,5",75cl,"47,00",MZ.38.png,Włochy,Otwórz plik
BS.01,20,Czerwone,Barolo,D.O.C.G. Barolo - Włochy,Nebbiolo,24 miesiące,"Wino wytrawne. Najbardziej arystokratyczne z tradycyjnych czerwonych win Piemontu. Dojrzewa w beczkach ze slawońskiego dębu przez okres 2 lat i dodatkowo 4 miesiące w butelce. Rubinowo-granatowa barwa, która w miarę dojrzewania przechodzi w kolor ceglasty. Bukiet eteryczny, intensywny z nutami przypraw i suszonych owoców. Wino pełne ciała, imponujące, eleganckie, surowe ale jednocześnie aksamitne. Idealne do dziczyzny, pieczeni, dojrzałych serów. Przed podaniem zalecana dekantacja.",14,75cl,"177,00",BS.01.png,Włochy,Otwórz plik
BS.13,15,Czerwone,Barolo Batasiolo Riserva,D.O.C.G. Barolo Riserva - Włochy,Nebbiolo,30 miesięcy,"Wino wytrawne. Wino dojrzewało przez minimum 30 miesięcy w beczce ze slawońskiego dębu a następnie w kadziach ze stali nierdzewnej. Bogata paleta aromatów z charakterystycznymi dojrzałymi nutami, dżemem, suszonymi owocami, tostem oraz kwiatami. W smaku delikatne, z właściwym poziomem alkoholu, ułożonymi taninami i przyjemną świeżością. Pozycja rekomendowana do czerwonego mięsa, dziczyzny, pieczeni, serów i wędlin.","13,5",75cl,"199,00",BS.13.png,Włochy,Otwórz plik
BS.16,14,Czerwone,Barolo Batasiolo Vigneto Cerequio Cru,D.O.C.G. Barolo - Włochy,Nebbiolo,12 miesięcy,"Wino wytrawne. Barolo z winnicy Cerequio w La Morra. Charakterystyczne i wyjątkowe nuty balsamiczne, roślinne i kwiatowe. Delikatność w magicznym połączeniu z aromatami kadzidła, dymu tytoniowego i kawy. Wino dojrzewało co najmniej dwa lata w beczce ze slawońskiego dębu a następnie 12 miesięcy w beczkach ze stali nierdzewnej. Niezastąpiona pozycja do dań na bazie czerwonego mięsa, dziczyzny, pieczeni, serów oraz wędlin.",13,75cl,"279,00",BS.16.png,Włochy,Otwórz plik
BS.02,20,Czerwone,Barbera d’Alba Batasiolo,D.O.C. Barbera d’Alba - Włochy,Barbera,,"Wino wytrawne. Wino z winnicy położonej na prawym brzegu rzeki Tanaro, na wzgórzach miasta Alba. Wyrazista rubinowa barwa z zauważalnymi fioletowymi refleksami. Bukiet intensywny, delikatnie owocowy, wonny. W smaku wytrawne, z wiśnią. Lekko taniczne, żywe, z czasem staje się pełniejsze i bardziej wyważone. Najlepiej podawać do makaronów i specjałów kuchni Piemontu.","13,5",75cl,"62,00",BS.02.png,Włochy,Otwórz plik
BS.04,23,Białe,Gavi di Gavi Batasiolo,D.O.C.G. Gavi del Comune di Gavi - Włochy,Cortese,,"Wino wytrawne. Jedno z najważniejszych białych wytrawnych win z Piemontu, produkowane wyłącznie w miejscowości Gavi (prowincja Alessandria). Słomkowożółta barwa z zielonymi refleksami. Bukiet z charakterystycznym aromatem świeżych owoców i białych kwiatów. W ustach dobrze zrównoważone z orzeźwiającą kwasowością. Idealne jako aperitif, a także do przystawek i ryb.","12,5",75cl,"62,00",BS.04.png,Włochy,Otwórz plik
BS.06,22,Białe,Moscato d’Asti Batasiolo Bosc dla Rei,D.O.C.G. Moscato D’Asti - Włochy,Moscato Bianco,,"Wino półsłodkie. Białe wino z posiadłości Beni di Boscareto położonej w wiosce Serralunga, o zawartości alkoholu 5,5%. Nos obfity i bardzo intensywny z charakterystyczną nutą suszonych owoców, moreli, brzoskwini, miodu. W ustach przyjemne, bardzo trwałe, oddające bogactwo bukietu. Wino doskonałe, gdy podane jest do deserów i świeżych owoców. [NAGRODY] - 87 pkt Wine Spectator, Gambero Rosso, Bronze Medal – International Wine Challenge.","5,5",75cl,"59,90",BS.06.png,Włochy,Otwórz plik
BS.21,N/V,Białe,Pinot Chardonnay Batasiolo Spumante Brut,Spumante - Włochy,"Pinot Bianco, Chardonnay",,"Wino wytrawne. Wino musujące o przyjemnych i trwałych bąbelkach. Intensywne aromaty kwiatów i owoców z nutą świeżo upieczonego chleba. W ustach wytrawne, rześkie, pełne ciała z delikatnie gorzką nutą. Pozycja rekomendowana jako aperitif, a także do przekąsek, ryby czy białego mięsa.","11,5",75cl,"49,00",BS.21.png,Włochy,Otwórz plik
MU.24,19/21,Białe,Pazo Barrantes Gran Vino Albarino,D.O. Rias Baixas - Hiszpania,Albariño,15% wina,"Wino wytrawne. „Marques de Murrieta jest właścicielem posiadłości w Rias Baixas (Galicja), gdzie uprawiane jest Albarino. Pazo Barrantes Albarino jest białym aromatycznym winem, które spędziło kilka miesięcy na osadzie pozostałym po procesie fermentacji. Charakterystyczna świeża kwasowość, mnóstwo przypraw i świetna równowaga. Wino będzie cieszyć podniebienie przez kolejne 3-4 lata” – Robert Parker. ​Wino oferuje finezyjne aroma​ty białych pestkowców, nektarynki, żółtej śliwki, nuty owoców cytrusowych, balsamico, kwitnącej akacji, kopru na tle bryzy morskiej. ​Na podniebieniu trwałe, orzeźwiające, o dobrej strukturze. Zrównoważone, z długim eleganckim finiszem. Przed butelkowaniem 15% wina dojrzewa w 225- litrowych beczkach z drewna akacjowego, a pozostała część przez 6-8 miesięcy w tankach ze stali nierdzewnej. Znakomite do owoców morza i ryby. [NAGRODY]: Rocznik ̛1​9:​ Robert Parker 94 pkt, Wine Spectator (T​OP 100 wines), 91 pkt. Guía Proensa, 99 pkt. Guía ABC. 94 pk​t. Guía Gourmets, 94 pkt. Guía Penin, 93 pkt. El Pais 9,8/10; rocznik ̛21: Tim Atkin 96 pkt, Robert Parker 94+ pkt, Guía Proensa 98 pkt, Guía ABC 95 pkt, Guía Gourmets 96 pkt, Guía Penin 93 pkt​.",13,75cl,"199,00",MU.24.png,Hiszpania,Otwórz plik
MU.25,17/19,Białe,La Comtesse Albarino Gran Vino de Guarda Pazo Barrantes Valle del Salnes,D.O. Rias Baixas - Hiszpania,Albariño,12 miesięcy,"Wino wytrawne. La Comtesse Pazo Barrantes zachwyca złożonymi aromatami egzotycznych owoców, takich jak ananas, mango, grejpfrut oraz intensywnością nuty wanilii będącej wynikiem starzenia wina w dębowych beczkach (12 miesięcy w 3000-litrowych beczkach, w tym 3-6 miesięcy w kontakcie z osadem, a następnie 12-13 miesięcy w betonowych kadziach). W smaku eleganckie, kremowe i gładkie, o delikatnej kwasowości, z wyczuwalnymi niuansami owoców cytrusowych, jabłek i karmelu. Współczesne białe wino, które pokazuje wszechstronność Albariño. Winogrona pochodzą z pojedynczej winnicy (Grand Cru) Cacheiro w Dolinie Salnes (Rías Baixas D.O. Galicia). Doskonałe jako towarzysz owoców morza, np. grillowanego homara czy krewetek z oliwą truflową. [NAGRODY]: Rocznik ̛1​7: Guía Proensa 99 pkt, Guía ABC 95 pk​t, Guía Gourmets 97 pkt, Wine Advocate 95 pkt, Vinous Media 94 pkt, James Suckling 93 pkt; Rocznik ̛1​9: Robert Parker 96 pkt, Guía Proensa 99 pkt, Guía Gourmets 99 pkt, Guía Penin 97 pkt, Tim Atkin 97 pkt.","13,5",75cl,"499,00",MU.25.png,Hiszpania,Otwórz plik
MU.10,18/19,Białe,Capellania Marques de Murrieta Rioja Reserva Blanco,D.O.C. Rioja Reserva - Hiszpania,Viura,22-23 miesięce,"Wino wytrawne. Topowe białe wino powstałe z 60-letnich krzewów o niskiej wydajności​. W zależności od rocznika wino dojrzewa przez 22 -23 miesiące w​ nowych 225 - litrowych​ beczkach z francuskiego dębu​ oraz przez 7-13 miesięcy w kadziach betonowych.​ Nos mineralny, z aromatami​ tostu, przypraw, migdałów, toffi i melona. W ustach bogate, o rewelacyjnej strukturze​ i kwasowości. ​Na podniebieniu spójne z aromatami. Serwować w temperaturze 10-12°C. [NAGRODY]: ​Rocznik​ ̛18​:​ Guía Proensa​ 94 pkt, Guía ABC​ 96 pkt, Guía Penin ​95 pkt, James Suckling ​96 pkt, Guía Gourmets ​96 pkt, Robert Parker ​94 pkt, Decanter​ 96 pkt, Falstaff​ 96 pkt,​ Tim Atkin 95 pkt​, El Pais 95 pkt; Rocznik ̛19: Guía Proensa 97​ pkt, Guía Penin 95 pkt, James Suckling 96 pkt, Guía Gourmets 96 pkt, Robert Parker 95 pkt, P. Ballesteros MW - Club Enologique 95 pkt, Wine Spectator 93 pkt,​ Tim Atkin 95 pkt, Vinous Media 93 pkt​.",14,75cl,"380,00",MU.10.png,Hiszpania,Otwórz plik
MU.23,9,Czerwone,Marques de Murrieta Castillo Ygay Gran Reserva Especial,D.O.C. Rioja Gran Reserva Especial - Hiszpania,"81% Tempranillo, 19% Mazuelo",26-34 miesiące,"Wino wytrawne. Gran Reserva Especial produkowana tylko w najlepszych latach​ z pojedynczej winnicy „La Plana” położonej w najwyższym punkcie winnicy Finca Ygay​ (założonej w 1950 r.) na wysokości 485 metrów n.p.m. Fermentacja zachodzi oddzielnie dla obu szczepów. W zależności od rocznika Tempranillo dojrzewa w 225 - litrowych amerykańskich​, a Mazuelo w 225 - litrowych ​francuskich dębowych beczkach​ przez okres ​26​-34 miesięcy​. W kolejnym etapie blend tych sz​czepów dojrzewa​ w betonowych kadziach przez okres 13-20 miesięcy.​ Wino o ciemnej​ barwie, złożone, o wielkiej mocy​ i wyjątkowej trwałości. W ustach bogate taniny, a w nosie ekspresyjne aromaty czarnej jagody​ oraz porzeczki, lukrecji, tytoniu (pudełka po cygarach), espresso, grzybów i leśnej ściółki,​ skóry, minerałów, a także roślinne i orzechowe nuty. Czysty elegancki finisz. Wino w wielkim stylu. Rekomendowana dekantacja​ ok. 20-30 min. oraz temperatura serwowania 14-16​ C. [NAGRODY]: Rocznik​ ̛09:​ Tim Atkin ​97 pkt, Robert Parker ​96 pkt; Rocznik​ ̛11​:​ Guía Proensa​ 98 pkt, Guía ABC​ 98 pkt, James Suckling ​98 pkt, Tim Atkin ​97 pkt, Robert Parker ​97 pkt, Decanter ​97 pkt, Falstaff​ 98 pkt, Wine Spectator ​94 pkt​, ​Wine ​Enthusiast ​97 pkt​, Sobremesa 99 pkt, La Vanguardia 98 pkt.; Rocznik ̛12: Guía Proensa 99 pkt, Guía ABC 99 pkt, Guía Penin 99 pkt, James Suckling 100 pkt, Guía Gourmets 98 pkt, Robert Parker 97 pkt, P. Ballesteros MW Club Enologique 98 pkt, Decanter 97 pkt, Falstaff 97 pkt, Wine Spectator 95 pkt.",14,75cl,"880,00",MU.23.png,Hiszpania,Otwórz plik
MU.06,11,Czerwone,Marques de Murrieta Castillo Ygay Gran Reserva Especial,D.O.C. Rioja Gran Reserva Especial - Hiszpania,"8​4% Tempranillo, 16% Mazuelo",26-34 miesiące,"Wino wytrawne. Gran Reserva Especial produkowana tylko w najlepszych latach​ z pojedynczej winnicy „La Plana” położonej w najwyższym punkcie winnicy Finca Ygay​ (założonej w 1950 r.) na wysokości 485 metrów n.p.m. Fermentacja zachodzi oddzielnie dla obu szczepów. W zależności od rocznika Tempranillo dojrzewa w 225 - litrowych amerykańskich​, a Mazuelo w 225 - litrowych ​francuskich dębowych beczkach​ przez okres ​26​-34 miesięcy​. W kolejnym etapie blend tych sz​czepów dojrzewa​ w betonowych kadziach przez okres 13-20 miesięcy.​ Wino o ciemnej​ barwie, złożone, o wielkiej mocy​ i wyjątkowej trwałości. W ustach bogate taniny, a w nosie ekspresyjne aromaty czarnej jagody​ oraz porzeczki, lukrecji, tytoniu (pudełka po cygarach), espresso, grzybów i leśnej ściółki,​ skóry, minerałów, a także roślinne i orzechowe nuty. Czysty elegancki finisz. Wino w wielkim stylu. Rekomendowana dekantacja​ ok. 20-30 min. oraz temperatura serwowania 14-16​ C. [NAGRODY]: Rocznik​ ̛09:​ Tim Atkin ​97 pkt, Robert Parker ​96 pkt; Rocznik​ ̛11​:​ Guía Proensa​ 98 pkt, Guía ABC​ 98 pkt, James Suckling ​98 pkt, Tim Atkin ​97 pkt, Robert Parker ​97 pkt, Decanter ​97 pkt, Falstaff​ 98 pkt, Wine Spectator ​94 pkt​, ​Wine ​Enthusiast ​97 pkt​, Sobremesa 99 pkt, La Vanguardia 98 pkt.; Rocznik ̛12: Guía Proensa 99 pkt, Guía ABC 99 pkt, Guía Penin 99 pkt, James Suckling 100 pkt, Guía Gourmets 98 pkt, Robert Parker 97 pkt, P. Ballesteros MW Club Enologique 98 pkt, Decanter 97 pkt, Falstaff 97 pkt, Wine Spectator 95 pkt.",14,75cl,"890,00",MU.06.png,Hiszpania,Otwórz plik
MU.26,12,Czerwone,Marques de Murrieta Castillo Ygay Gran Reserva Especial,D.O.C. Rioja Gran Reserva Especial - Hiszpania,"81% Tempranillo, 19% Mazuelo",26-34 miesiące,"Wino wytrawne. Gran Reserva Especial produkowana tylko w najlepszych latach​ z pojedynczej winnicy „La Plana” położonej w najwyższym punkcie winnicy Finca Ygay​ (założonej w 1950 r.) na wysokości 485 metrów n.p.m. Fermentacja zachodzi oddzielnie dla obu szczepów. W zależności od rocznika Tempranillo dojrzewa w 225 - litrowych amerykańskich​, a Mazuelo w 225 - litrowych ​francuskich dębowych beczkach​ przez okres ​26​-34 miesięcy​. W kolejnym etapie blend tych sz​czepów dojrzewa​ w betonowych kadziach przez okres 13-20 miesięcy.​ Wino o ciemnej​ barwie, złożone, o wielkiej mocy​ i wyjątkowej trwałości. W ustach bogate taniny, a w nosie ekspresyjne aromaty czarnej jagody​ oraz porzeczki, lukrecji, tytoniu (pudełka po cygarach), espresso, grzybów i leśnej ściółki,​ skóry, minerałów, a także roślinne i orzechowe nuty. Czysty elegancki finisz. Wino w wielkim stylu. Rekomendowana dekantacja​ ok. 20-30 min. oraz temperatura serwowania 14-16​ C. [NAGRODY]: Rocznik​ ̛09:​ Tim Atkin ​97 pkt, Robert Parker ​96 pkt; Rocznik​ ̛11​:​ Guía Proensa​ 98 pkt, Guía ABC​ 98 pkt, James Suckling ​98 pkt, Tim Atkin ​97 pkt, Robert Parker ​97 pkt, Decanter ​97 pkt, Falstaff​ 98 pkt, Wine Spectator ​94 pkt​, ​Wine ​Enthusiast ​97 pkt​, Sobremesa 99 pkt, La Vanguardia 98 pkt.; Rocznik ̛12: Guía Proensa 99 pkt, Guía ABC 99 pkt, Guía Penin 99 pkt, James Suckling 100 pkt, Guía Gourmets 98 pkt, Robert Parker 97 pkt, P. Ballesteros MW Club Enologique 98 pkt, Decanter 97 pkt, Falstaff 97 pkt, Wine Spectator 95 pkt.",14,75cl,"1090,00",MU.26.png,Hiszpania,❌ brak pliku
MU.02,19/20,Czerwone,Marques De Murrieta Reserva Finca Ygay,D.O.C. Rioja Reserva - Hiszpania,"Ponad 80% Tempranillo, Graciano, Mazuelo, Garnacha",20 miesięcy,"Wino wytrawne. Reserva w klasycznym hiszpańskim stylu z posiadłości Ygay​ w Rioja Alta, znajdującej się 420-500 m nad poziomem morza. Wino o ciemnej​ barwie, eleganckie, złożone o wielkiej mocy i wyjątkowej trwałości. Dojrzewa​ 20​-24 miesięcy w 225l amerykańskich dębowych beczkach, z czego co najmniej 8 miesięcy​ w nowym dębie oraz dodatkowo minimum 12 miesięcy w butelce. Kuszące bogactwo​ aromatów dojrzałych ciemnych owoców​, takich jak jagody​, czarna porzeczka,​ borówka, śliwka​ oraz czerwonych owoców, takich jak wiśnia, truskawka, malina. Nos jak i usta​ przeplecione odrobiną czekolady​, balsamico​, niuansami czerwonej herbaty, rozmarynu, czarnego pieprzu, drzewa sandałowego, ściółką leśną oraz skórą​. Długi aksamitny finisz. Polecane do czerwonego mięsa, serów oraz dań w bogatych sosach. [NAGRODY]: Rocznik ̛19​: Guía Proensa​ 97 pkt​,​ Guía ABC​ 96 pkt​, James Suckling​ 96 pkt, Tim Atkin​ 95 pkt​, Guía Gourmets​ 94 pkt​, Robert Parker​ 93 pkt​. Rocznik ̛20: Guía Proensa​ 97 pkt,​ Guía ABC​ 96 pkt​, James Suckling​ 94 pkt, Tim Atkin​ 94 pkt. Guía Gourmets​ 94 pkt, Robert Parker​ 94+ pk​t.","14,5",75cl,"109,00",MU.02.png,Hiszpania,Otwórz plik
MU.07,17/20,Czerwone,Marques De Murrieta Reserva Finca Ygay,D.O.C. Rioja Gran Reserva - Hiszpania,"Ponad 80% Tempranillo, Graciano, Mazuelo, Garnacha",20 miesięcy,"Wino wytrawne. Reserva w klasycznym hiszpańskim stylu z posiadłości Ygay​ w Rioja Alta, znajdującej się 420-500 m nad poziomem morza. Wino o ciemnej​ barwie, eleganckie, złożone o wielkiej mocy i wyjątkowej trwałości. Dojrzewa​ 20​-24 miesięcy w 225l amerykańskich dębowych beczkach, z czego co najmniej 8 miesięcy​ w nowym dębie oraz dodatkowo minimum 12 miesięcy w butelce. Kuszące bogactwo​ aromatów dojrzałych ciemnych owoców​, takich jak jagody​, czarna porzeczka,​ borówka, śliwka​ oraz czerwonych owoców, takich jak wiśnia, truskawka, malina. Nos jak i usta​ przeplecione odrobiną czekolady​, balsamico​, niuansami czerwonej herbaty, rozmarynu, czarnego pieprzu, drzewa sandałowego, ściółką leśną oraz skórą​. Długi aksamitny finisz. Polecane do czerwonego mięsa, serów oraz dań w bogatych sosach. [NAGRODY]: Rocznik ̛19​: Guía Proensa​ 97 pkt​,​ Guía ABC​ 96 pkt​, James Suckling​ 96 pkt, Tim Atkin​ 95 pkt​, Guía Gourmets​ 94 pkt​, Robert Parker​ 93 pkt​. Rocznik ̛20: Guía Proensa​ 97 pkt,​ Guía ABC​ 96 pkt​, James Suckling​ 94 pkt, Tim Atkin​ 94 pkt. Guía Gourmets​ 94 pkt, Robert Parker​ 94+ pk​t.","14,5","1,5L","245,00",MU.07.png,Hiszpania,Otwórz plik
MU.13,15/16,Czerwone,Marques De Murrieta Gran Reserva Finca Ygay LIMITED EDITION,D.O.C. Rioja Gran Reserva - Hiszpania,"80% Tempranillo, 9% Mazuelo, 3% Graciano, 8% Garnacha",25-27 miesięcy,"Wino wytrawne. Podczas 10-dniowej fermentacji w tankach ze stali nierdzewnej sok z dolnej części przepompowywany jest nad unoszącą się, powstałą z gron skorupę (remontage), po czym następuje przebijanie skorupy (pigeage). Oba procesy pozwalają uzyskać perfekcyjną barwę oraz bogactwo aromatów. Wino następnie dojrzewa przez 25-27 miesięcy w 225 - litrowych beczkach z amerykańskiego dębu i kolejne 36 miesięcy w butelce. W aromacie bogaty bukiet czerwonych ciemnych owoców, śliwki, czarnej porzeczki, jeżyny, z nutą octu balsamicznego i ściółki. Na podniebieniu lekko pikantne, z wyraźną mineralnością. Złożone, zrównoważone odpowiednią kwasowością i eleganckimi jedwabistymi taninami. Rekomendowane do każdego rodzaju czerwonego mięsa, grillowanej ryby i potraw na bazie bogatych sosów. Przed podaniem zalecane napowietrzanie. [NAGRODY]: Rocznik ̛15: James Suckling ​98 pkt, Robert Parker ​94 pkt, TOP 100 Spain ​- James Suckling​, Tim Atkin 96 pkt, Wine Enthusiast 94 pkt; Rocznik ̛16: James Suckling 96 pkt, Robert Parker ​94​ pkt, P. Ballesteros MW ​- Club Enologique 95 pkt, Falstaff ​94 pkt, Wine Spectator ​93 pkt​, Tim Atkin​ 96 pkt.",14,75cl,"279,00",MU.13.png,Hiszpania,Otwórz plik
MU.04,20,Czerwone,Dalmau Marques de Murrieta Reserva,D.O.C. Rioja Reserva - Hiszpania,"2% Tempranillo, 12% Cabernet Sauvignon, 6% Graciano",17 miesięcy,"Wino wytrawne. Purpurowa barwa. Aromaty tostu, lawendy, przypraw i różnorodnych ciemnych owoców z nutą octu balsamicznego i czekolady. Zrównoważone, miękkie w ustach, przepełnione jedwabistymi taninami i eleganckim długim finiszem. Wino dojrzewało 17 miesięcy we francuskim dębie i 13 miesięcy w betonowych kadziach. Rekomendowane do jagnięciny, wołowiny, dziczyzny a także dań z dodatkiem ciemnej czekolady. [NAGRODY]​: Guía Proensa​ 9​9 pkt​, James Suckling​ 96 pkt​, Guía Gourmets​ 98 pkt​, Robert Parker​ 96 pkt​.","14,5",75cl,"890,00",MU.04.png,Hiszpania,Otwórz plik
BE.05,23,Białe,Martin Berdugo Verdejo,D.O. Rueda - Hiszpania,Verdejo,,"Wino wytrawne. Żółta barwa z zielonymi refleksami. W bukiecie zapachowym dominujące nuty owoców cytrusowych i tropikalnych, w harmonii z nutami kwiatowymi, siana, tymianku, agrestu i świeżo ściętej trawy. Wino dobrze zbalansowane z długim, orzeźwiającym finiszem. Doskonałe jako aperitif, do dań z ryżu, potraw z dodatkiem szafranu, pieczonych ryb, sałat, serów i owoców morza. Podawać schłodzone w temperaturze 6-8 °C.",13,75cl,"46,00",BE.05.png,Hiszpania,Otwórz plik
BE.01,22,Czerwone,Martin Berdugo Joven Single Vineyard Estate,D.O. Ribera Del Duero - Hiszpania,Tempranillo,,"Wino wytrawne. Atrakcyjna, wyraźna wiśniowo-czerwona barwa z niuansami fioletu wyrażającymi młody charakter wina. Nos owocowy i świeży, z czerwonymi owocami, truskawką oraz kwiatowymi nutami. Dobra równowaga między kwasowością a słodkimi taninami. Wino polecane do każdego rodzaju mięsa, ryb czy pieczeni. [NAGRODY] - 88 pkt Best Buy (Wine Enthusiast), 88 pkt Wine Advocate",15,75cl,"39,90",BE.01.png,Hiszpania,Otwórz plik
BE.02,22,Czerwone,Martin Berdugo Barrica Single Vineyard Estate,D.O. Ribera Del Duero - Hiszpania,Tempranillo,4 miesięcy,"Wino wytrawne. Wino dojrzewa 4 miesiące w amerykańskiej i francuskiej dębowej beczce. Pierwsze aromaty to nuty owoców leśnych (jeżyna, morwa, lukrecja), po których następnie pojawia się wanilia. W ustach aksamitne i przyjemne. Taniny krągłe, słodkie, dobrze ułożone z tostowym dębem. Wino rekomendowane do każdego rodzaju mięsa, ryb czy pieczeni. [NAGRODY] - Silver Bacchus – BIWC, Silver Medal - CWWSC",15,75cl,"57,00",BE.02.png,Hiszpania,Otwórz plik
BE.03,21,Czerwone,Martin Berdugo Crianza Single Vineyard Estate,D.O. Ribera Del Duero - Hiszpania,Tempranillo,12 miesięcy,"Wino wytrawne. Wino dojrzewa 12 miesięcy w nowej amerykańskiej i francuskiej dębowej beczce. Intensywne, świeże owocowe aromaty z nutami wanilii, tostu i kakao. W ustach taniny krągłe i słodkie, delikatne, dobrze wyważone, z trwałym zakończeniem. Obiecujące wino, idealne do każdego rodzaju mięsa, serów, dziczyzny i wędlin. [NAGRODY] - 88 pkt Wine Advocate, Gold Medal - CWWSC","14,5",75cl,"75,00",BE.03.png,Hiszpania,Otwórz plik
BE.07,18,Czerwone,Martin Berdugo Reserva Single Vineyard Estate,D.O. Ribera Del Duero - Hiszpania,Tempranillo,24 miesięcy,"Wino wytrawne. Głęboka rubinowa barwa. Bukiet zapachowy z dominującymi nutami egzotycznych przypraw, czarnego pieprzu oraz aromatami pochodzącymi ze starzenia w dębowej beczce, takimi jak: tytoń, dym, kakao i karmel. Wino w ustach aksamitne, ze zrównoważoną owocowością, kwasowością i miękkimi taninami. Dobrze zbudowane, z długim, wyraźnym finiszem. [NAGRODY] - 91 Guide Semana Vitivinícola, 88 Decanter World Wine Awards.",15,75cl,"109,00",BE.07.png,Hiszpania,Otwórz plik
CF.02,N/V,Białe,Cava Flor de Raïm Brut,D.O. Cava - Hiszpania,"60% Macabeo, 40% Parellada",,"Wino musujące wytrawne. Katalońskie wino musujące o słomkowożółtej barwie z zielonym refleksami. Wyprodukowane zgodnie z rygorystycznie zdefiniowanymi standardami produkcji. Bardzo owocowe, z nutami owoców cytrusowych, zielonego jabłka, dojrzałej brzoskwini. W ustach dobrze zbudowane z przyjemnym „bąbelkami”. Znakomicie odświeżające. Polecane jako aperitif, a także do owoców morza, ryby, przekąsek typu tapas, dań z makaronem, ryżem oraz miękkich serów.","11,5",75cl,"38,00",CF.02.png,Hiszpania,Otwórz plik
CF.03,N/V,Białe,Cava Flor de Raïm Semi-Seco,D.O. Cava - Hiszpania,"60% Macabeo, 40% Parellada.",,"Wino musujące półwytrawne. Katalońskie wino musujące o słomkowożółtej barwie z zielonym refleksami. Wyprodukowane zgodnie z rygorystycznie zdefiniowanymi standardami produkcji. Bardzo owocowe, z nutami owoców cytrusowych, zielonego jabłka, dojrzałej brzoskwini. W ustach dobrze zbudowane z przyjemnym „bąbelkami”. Znakomicie odświeżające. Polecane jako aperitif, a także do kremowych deserów, musów czekoladowych, tart i pastries.","11,5",75cl,"38,00",CF.03.png,Hiszpania,Otwórz plik
BA.13,18,Czerwone,Los Colmillos Single Vineyard 1870,D.O. Toro - Hiszpania,Tinta del Toro,,"Wino wytrawne. Los Colmillos (czyli Kły Słonia) to najwyższa półka z linii win Eternum Viti. Pochodzi z winnicy, która została zasadzona ponad 150 lat temu, czyli pamiętającą czasy przed filokserą. Wino dojrzewa 14 miesięcy we francuskiej beczce. Wyjątkowa koncentracja czerwonych owoców. Nos przywołuje wspomnienie lasu i skóry oraz wanilii i tytoniu. W smaku bardzo skoncentrowane, z wyraźną kwasowością. Zalecana dekantacja przed podaniem.","15,5",75cl,"99,00",BA.13.png,Hiszpania,Otwórz plik
BA.32,13,Czerwone,Los Colmillos Single Vineyard 1870 MAGNUM,D.O.C. Rioja - Hiszpania,Tinta del Toro,14 miesięcy,"Wino wytrawne. Los Colmillos (czyli Kły Słonia) to najwyższa półka z linii win Eternum Viti. Pochodzi z winnicy, która została zasadzona ponad 150 lat temu, czyli pamiętającą czasy przed filokserą. Wino dojrzewa 14 miesięcy we francuskiej beczce. Wyjątkowa koncentracja czerwonych owoców. Nos przywołuje wspomnienie lasu i skóry oraz wanilii i tytoniu. W smaku bardzo skoncentrowane, z wyraźną kwasowością. Zalecana dekantacja przed podaniem.","15,5","1,5L","209,00",BA.32.png,Hiszpania,Otwórz plik
BA.02,18,Białe,Hazana Tempranillo,D.O.C. Rioja - Hiszpania,Tempranillo,6 miesięcy,"Wino wytrawne. Hazana w języku hiszpańskim to znane wyczyny hiszpańskich literackich bohaterów, takich jak Rodrigo Diaz de Vivar, którego liczne hazanas w walce z niewiernymi Maurami opisuje poemat o Cydzie („Cantar del mio Cid”). Nos ze zdecydowanym tostem i wanilią. W ustach owocowa słodycz i świetna struktura. Szczep: 100% Tempranillo.",13,75cl,"39,90",BA.02.png,Hiszpania,Otwórz plik
OL.01,20,Czerwone,La Catedral Bodegas Olarra Rioja Crianza,Crianza - Hiszpania,"Graciano, Mazuelo Tempranillo",12 miesięcy,"Wino wytrawne.Czerwone wino ze szczepów Graciano, Mazuelo, Tempranillo uprawianych w regionie Rioja. Nos bogaty w aromaty czerwonych dojrzałych owoców. W ustach harmonijnie zintegrowane taniny w połączeniu ze smakiem ciemnej śliwki, soczystych owoców wiśni, wanilii i czekolady. Długie, eleganckie zakończenie. Wino polecane do leżakowania. Rekomendowane do dziczyzny, pieczeni i dojrzewających serów. [Nagrody]: International Wine Challenge POINTS 93.","13,5",75cl,"29,90",OL.01.png,Hiszpania,Otwórz plik
TP.03,24,Białe,Cantal Verdejo,D.O. Rueda - Hiszpania,Verdejo,,"Wino wytrawne. Wino o słomkowożółtym kolorze. Aromat średnio intensywny, z nutami świeżych, białych owoców (jabłka i gruszki) oraz delikatnymi niuansami aromatycznych ziół. W smaku przyjemne i świeże, z dobrą kwasowością, która wzmacnia aromaty anyżu i końcowe. Idealne na każdą okazję.",13,75cl,"33,90",TP.03.png,Hiszpania,Otwórz plik
TP.02,22,Białe,Tres Pilares Verdejo Seleccion Sur Lie 8 miesięcy,D.O. Rueda - Hiszpania,Verdejo,,"Wino wytrawne. Białe wino wytrawne. Orzeźwiające wino wyprodukowane ze szczepu Verdejo, które dojrzewało przez 8 miesiący na osadzie (sur lie) co nadaje winu elegancką, delikatną, kremową teksturę. Aromaty cytrusowo-ziołowe typowe dla odmiany. Doskonale pasuje do dań z owocami morza, ryb i dań kuchni wegetariańskiej. Przyjemne, lekkie, eleganckie – kwintesencja dobrego białego wina! [NAGRODY]: James Suckling​ 91 pkt.",13,75cl,"54,90",TP.02.png,Hiszpania,❌ brak pliku
AN.03,21/22,Czerwone,Ademan Carabizal Roble,D.O. Torro - Hiszpania,Tempranillo,4 miesiące,"Wino wytrawne. Czserwone wino wytrawne. Umiejętność cieszenia się każdą chwilą życia jest esencją młodości. Wino wyprodukowane dla młodych, przez młodych. Żywy, amarantowy kolor z fioletowymi refleksami. Wino wyprodukowane ze szczepu Tinta del Toro o aromatach czerwonych jagód, z nutą słodyczy, tchnieniem przypraw i palonymi akcentami. Idealna równowaga między świeżością, a dojrzewaniem w dębowej beczce (4 miesiące). Idealna propozycja do czerwonych mięs, jak również makaronów. Wino jest gotowe do picia już teraz, ale spokojnie może poczekać na otwarcie przez najbliższe 4-5 lat.",15,75cl,"46,00",AN.03.png,Hiszpania,Otwórz plik
AN.04,19/21,Czerwone,Ademan Valdearanda Crianza,D.O. Torro - Hiszpania,Tempranillo,12 miesięcy,"Wino wytrawne. Czerwone wino wytrawne. Stała pielęgnacja winorośli, szacunek dla rytmu natury i sztuka selekcji winogron to filary dobrego wina – wszystkie zamknięte zostały w tym cudownym winie. Wiśniowy kolor z fiołkowymi refleksami. Wino pełne, złożone łączące dojrzałe czerwone i czarne owoce z aromatami pochodzącymi z dojrzewania w dębowej beczce (12 miesięcy). Wino wyprodukowane z winorośli, które mają ponad 60 lat co daje niezwykle skoncentrowany smak i długi finisz. Doskonale skomponuje się z grillowanymi potrawami i dojrzewającymi serami. Wino jest gotowe do picia teraz, ale czeka je jednocześnie pozytywna ewolucja w ciągu najbliższych 6 lat. Wysoko oceniane przez konusmentów (Vivino).","14,5",75cl,"66,00",AN.04.png,Hiszpania,Otwórz plik
MR.38,,Różowe,Audentia Cabernet Sauvignon Rosé,D.O. Valencia - Hiszpania,Cabernet Sauvignon,,"Wino wytrawne różowe. Audentia Cabernet Sauvignon Rose Murviedro to wspaniałe wytrawne wino różowe. Odnajdziesz w nim intensywne aromaty czerwonych owoców z delikatną nutą pieprzu. Ciesz się tym delikatnym, eleganckim winem solo w letnie wieczory lub jako towarzysz białych mięs, sałatek, paelli czy owoców morza. Podawaj schłodzone w temperaturze od 6° do 8°C. Wino wegańskie.","11,5",75cl,"29,90",MR.38.png,Hiszpania,Otwórz plik
MR.25,23,Białe,Audentia Sauvignon Blanc,D.O. Valencia - Hiszpania,Sauvignon Blanc,,"Wino wytrawne. Wino wyprodukowane przy użyciu maceracji węglowej. Jasnożółty kolor z zielonymi niuansami. Intensywne aromaty owoców tropikalnych. W smaku delikatne, bardzo orzeźwiające. Znakomity aperitif a także do tapasów, ryby, owoców morza, potraw z ryżem.","11,5",75cl,"31,90",MR.25.png,Hiszpania,Otwórz plik
MR.40,22,Białe,Clay Xarello ORGANIC,D.O. Valencia - Hiszpania,Xarel·lo,,"Wino wytrawne. Uprawa winorośli i produkcja odbywa się przy minimalnej interwencji, w sposób zrównoważony, starając się odzwierciedlić pełen potencjał terroir. Winogrona są fermentowane w temperaturze 16°C przy użyciu naturalnych drożdży zawartych w skórkach winogron. Przed tłoczeniem przeprowadza się długą macerację na zimno. Fermentacja odbywa się w zbiornikach ze stali nierdzewnej, a następnie wino leżakuje na osadzie przez trzy miesiące w glinianych amforach. Wino jest odpowiednie dla wegetarian i wegan. Barwa cytrynowożółta z akcentami zieleni. Aromaty dojrzałych białych owoców pestkowych oraz kwiatów. Lekkie nuty owoców tropikalnych, ziół i anyżu. Smak świeży, słony i mineralny. Wino idealnie pasuje do potraw z surowymi rybami, takim jak tatar z łososia, tuńczyk lub ceviche jak również do dań z ryb, skorupiaków oraz dań z ryżu.","12,5",75cl,"99,00",MR.40.png,Hiszpania,Otwórz plik
MR.39,21,Białe,Clay Bobal Crianza ORGANIC,D.O. Utiel - Requena - Hiszpania,Bobal,,"Wino wytrawne. Uprawa winorośli ma miejsce w regionie śródziemnomorskim, gdzie klimat jest ciepły i wpływ Morza Śródziemnego jest zdecydowanie dominujący. Winorośle użyte do produkcji tego wina znajdują się na wysokości 750 m n.p.m., gdzie były uprawiane już od kilku stuleci. Winnice położone są na glebach wapienno-gliniastych, które w połączeniu ze stałą obecnością intensywnego słońca, dają wina owocowe o wyjątkowo atrakcyjnym smaku oraz strukturze i ułożonych taninach.",14,75cl,"99,00",MR.39.png,Requena,Otwórz plik
MR.29,19,Czerwone,Sericis Cepas Viejas Monastrell,D.O.P. Alicante - Hiszpania,Monastrell,12 miesięcy,"Wino wytrawne. Wino dojrzewało co najmniej 12 miesięcy we francuskim dębie. Mocne, eleganckie aromaty dojrzałych owoców z nutą tostów. Pełne ciała, złożone, z dojrzałymi taninami i tostem w zakończeniu. Pasuje do czerwonego mięsa, dziczyzny, gulaszu, potraw w pikantnych sosach, serów. Nagrody: Harpers Wine Stars 2022 - 5 stars.",14,75cl,"49,90",MR.29.png,Hiszpania,Otwórz plik
MR.26,22,Czerwone,Audentia Petit Verdot,D.O.P. Valencia - Hiszpania,Petit Verdot,,"Wino wytrawne. Intensywna czerwona barwa. Wyraźne aromaty czerwonych owoców z nutami balsamicznymi oraz odrobiną mentolu. W smaku aksamitne, ułożone, o dobrej strukturze i zachwycającej kwasowości. Znakomita pozycja do dziczyzny, potraw z ryżem, serów. Nie podawać w temperaturze wyższej niż 18 °C.",13,75cl,"32,90",MR.26.png,Hiszpania,Otwórz plik
MR.27,17,Czerwone,Audentia Reserva,D.O.P. Valencia - Hiszpania,"40% Tempranillo 40% Monastrell, 20% Cabernet Sauvignon",12 miesięcy,"Wino wytrawne. Wino dojrzewało minimum rok w nowych amerykańskich i francuskich beczkach. Nos dojrzały i delikatny z eleganckimi nutami owocowego kompotu, wanilii, dymu oraz czekolady. W smaku pełne, spokojne, pozostawiające długi finisz. Znakomita pozycja do domowej piwniczki. Wino rekomendowane do wykwintnych potraw, mięsa, pieczeni, serów.","13,5",75cl,"36,90",MR.27.png,Hiszpania,Otwórz plik
SO.01,19,Czerwone,Sotero Totem Viñas Prefiloxericas,V.D.T. Castilia Y Leon - Hiszpania,Tempranillo,12 miesięcy,"Wino wytrawne. Czerwone, wyjątkowe wino, które powstało z winogron pochodzących z winni starszych niż 100 lat. W nosie jest intensywne i bogate, podkreślając dojrzałe czerwone i czarne owoce nutami skóry i lukrecji.","14,5",75cl,"86,00",SO.01.png,Hiszpania,❌ brak pliku
SO.02,18,Czerwone,Sotero Pintado Viñas Prefiloxericas,V.D.T. Castilia Y Leon - Hiszpania,Tempranillo,18 miesięcy,"Wino wytrawne. Czerwone, wyjątkowe wino, które powstało z winogron pochodzących z winnic starszych niż 122 lata – około 150 lat 100% grona Tempranillo, zbierane ręcznie, starzone przez 18 miesięcy w beczce. W nosie jest intensywne i bogate, podkreślając dojrzałe czerwone i czarne owoce takie jak sliwki, wiśnie, jeżyny, figi z nutami skóry, lukrecji i pastrami. Bardzo wysoko oceniane przez konsumentów (ocena 4.5 na Vivino). Wspaniała propozycja na wyjątkowy wieczór lub prezent.",15,75cl,"166,00",SO.02.png,Hiszpania,❌ brak pliku
MR.01,N/V,Białe,Estrella Blanco Moscatel,D.O.P. Valencia - Hiszpania,Muskat Aleksandryjski,,"Wino słodkie. Naturalnie słodkie białe wino z Walencji. Produkowane innowacyjną metodą winifikacji przypominającą wytwarzanie prestiżowego kanadyjskiego wina lodowego. Intensywna żółto-złota barwa z zielonymi niuansami. Mocny aromat z charakterystyczną dla odmiany skórką pomarańczową i lychee. Polecane jako wino deserowe oraz do każdego rodzaju słodkiego dania. Również świetny aperitif i partner do bogatych, wyszukanych dań jak foie gras. Zawsze podawaj dobrze schłodzone.","8,5",75cl,"28,50",MR.01.png,Hiszpania,Otwórz plik
MR.02,N/V,Różowe,Estrella Rosado Moscatel Garnacha,D.O.P. Valencia - Hiszpania,"75% Muskat Aleksandryjski, 25% Garnacha",,"Wino słodkie. Naturalnie słodkie, różowe wino o szczególnej owocowości i niskiej zawartości alkoholu. Jasnowiśniowa barwa z fioletowymi akcentami. Intensywne i mocne aromaty czerwonych owoców, skórki pomarańczowej i lychee. Deserowe wino idealne do słodkich potraw. Również świetny aperitif i partner do bogatych wyszukanych potraw jak foie gras. Zawsze podawaj dobrze schłodzone.","8,5",75cl,"28,50",MR.02.png,Hiszpania,Otwórz plik
MR.04,N/V,Białe,Estrella de Murviedro Moscato Frizzante,D.O.P. Valencia - Hiszpania,Muskat Aleksandryjski,,"Wino musujące słodkie. Estrella musująca, dająca piękny jasnożółty kolor z zielonymi refleksami. Wino o zapachu bardzo owocowym, z nutami białych owoców takich jak gruszka i jabłko. W smaku orzeźwiające, lekko słodkie i świeże.","7,5",75cl,"28,50",MR.04.png,Hiszpania,Otwórz plik
MR.06,N/V,Białe,Arts de Luna 0 % Sparkling Murviedro VEGAN,Vino De La Tierra de Castilla - Hiszpania,Blend,,"Wino musujące wytrawne. Barwa jasnożółta z zielonymi odcieniami. Aromatyczne, z orzeźwiającymi nutami owoców tropikalnych, takich jak marakuja i innych śródziemnomorskich cytrusów. Na podniebieniu bogate, kremowe, ale jednocześnie świeżo owocowe z lekko słodkim akcentem. Idealne jako aperitif, do wszelkiego rodzaju ryb, owoców morza i paelli, a nawet jako baza do koktajli. Podawać dobrze schłodzone, w temperaturze około 4C. Produkt odpowiedni dla sportowców, w okresie ciąży, wegan i wegetarian.",0,75cl,"27,90",MR.06.png,Hiszpania,❌ brak pliku
CD.01,N/V,Białe,Castillo De Olaya Vino Blanco Semi-Seco,Hiszpania,Blend,,"Wino półwytrawne. Dojrzewające w hiszpańskich winnicach grona, m. in. Airen i Macabeo dały to niezwykle przyjemne białe półwytrawne wino. Doskonałe jako aperitif, równie dobrze smakuje serwowane do przekąsek i dań na bazie drobiu. Podawać schłodzone.",10,75cl,"18,90",CD.01.png,Hiszpania,Otwórz plik
CD.02,N/V,Czerwone,Castillo De Olaya Vino Tinto Semi-Seco,Hiszpania,Blend,,"Wino półwytrawne. Delikatne czerwone półwytrawne wino pochodzące z gron uprawianych w najlepszych winnicach gorącej Hiszpanii. Doskonałe jako aperitif, równie dobrze smakuje jako dodatek do delikatnych potraw z czerwonych mięs i serów. Podawać w temperaturze pokojowej.",10,75cl,"18,90",CD.02.png,Hiszpania,Otwórz plik
TR.03,21,Białe,Nominum Blanco Dry,D.O. La Mancha - Hiszpania,Blend,,"Wino wytrawne. Delikatnie wytrawne białe wino z serca regionu La Mancha gorącej Hiszpanii. Pełne słońca, o wspaniałej sile i temperamencie. Doskonałe jako aperitif, jak również polecane do delikatnych potraw z białego mięsa oraz owoców morza.","11,5",75cl,"20,90",TR.03.png,Hiszpania,❌ brak pliku
TR.04,21,Czerwone,Nominum Tinto Dry,D.O. La Mancha - Hiszpania,Blend,,"Wino wytrawne. Delikatnie wytrawne czerwone wino z serca regionu La Mancha gorącej Hiszpanii. Pełne słońca, o wspaniałej sile i temperamencie. Doskonałe jako aperitif, jak również polecane do delikatnych potraw z czerwonego mięsa oraz serów.","12,5",75cl,"20,90",TR.04.png,Hiszpania,❌ brak pliku
CL.01,23,Białe,Conde de Aliente Semi Dulce Blanco,D.O. La Mancha - Hiszpania,Airen,,"Wino półsłodkie. To armomatyczne białe półsłodkie wino powstałe z gron szczepu Airén zachwyca na podniebieniu nutami tropikalnych owoców, takich jak banany i ananasy. Niezwykle łagodne, czyste i wyraźne. Idealnie smakuje samo w sobie ale również pasuje do owoców morza, deserów oraz ciast. Podawać w temperaturze 6-8oC.",11,75cl,"19,90",CL.01.png,Hiszpania,Otwórz plik
CL.02,21,Czerwone,Conde de Aliente Semi Dulce Tinto,D.O. La Mancha - Hiszpania,Tempranillo,,Wino półsłodkie. Dobrze zbudowane i pełne czerwone półsłodkie wino wyprodukowane w idealnie dojrzałych gron szczepu. Charakteryzuje się rubinową barwą oraz owocowym bukietem z wyczuwalną na podniebieniu nutą czarnych jagód. Idealnie smakuje podane w temperaturze 15-17 °C w akompaniamencie deserów i słodyczy.,"12,5",75cl,"19,90",CL.02.png,Hiszpania,Otwórz plik
TA.01,N/V,Pomarańczowe,Tarongino Naranjas Orange Wine Wino z pomarańczy,Valencia - Hiszpania,,,"Wino półwytrawne. Tarongino to połączenie pomarańczy i wina. W Walencji pomarańcza nazywa się „Taronja”, stąd też pochodzi nazwa produktu. Jest to pierwsze wino wyprodukowane w 100% z soku pomarańczowego. Po osiągnięciu optymalnego punktu dojrzałości pomarańcze zbierane są ręcznie. Dzięki takiej kontroli surowca otrzymujemy sok o dużej słodyczy i niskiej kwasowości, z dużą ilością minerałów. Po kontrolowanej naturalnej fermentacji w niskiej temperaturze produkt osiąga 7% gradację i jest przez kilka dni macerowany ze skórką pomarańczową, co dodaje mu cytrusowych aromatów. Jest to napój alkoholowy o najmniejszej kaloryczności spośród znanych na świecie. To napój naturalny, inny, elegancki i niepowtarzalny. Jasnobursztywnowy kolor ze złotymi refleksami. Wyczuwalne aromaty cytryny połączone z lekkimi nutami pigwy, miodu i kwiatu pomarańczy. Zaleca się podawać bardzo zimne, w temperaturze około 5°C, jako aperitif, dodatek do lekkich posiłków lub deserów.",7,75cl,"39,90",TA.01.png,Hiszpania,❌ brak pliku
TA.02,N/V,Pomarańczowe,Tarongino Pomelo Wino z grejpfruta,Valencia - Hiszpania,,,"Wino półwytrawne. Jest to pierwsze wino wyprodukowane w 100% z soku z grejpfruta (pomelo). Po osiągnięciu optymalnego punktu dojrzałości owoce grejpfruta zbierane są ręcznie. Dzięki takiej kontroli surowca otrzymujemy sok o dużej słodyczy i niskiej kwasowości, z dużą ilością minerałów. Po kontrolowanej naturalnej fermentacji w niskiej temperaturze produkt osiąga 7% gradację i jest przez kilka dni macerowany ze skórką owocu, co dodaje nowych aromatów. Jest to napój alkoholowy o najmniejszej kaloryczności spośród znanych na świecie. To napój naturalny, inny, elegancki i niepowtarzalny. Barwa bladoróżowa. Wyczuwalne aromaty cytrusowe (grejpfrutowe) z dodatkiem ziół oraz kopru włoskiego z nutami balsamicznymi. Idealna równowaga pomiędzy świeżością, słodyczą i lekko gorzkimi nutami. Zaleca się podawać bardzo zimne, w temperaturze około 5°C, jako aperitif, dodatek do lekkich posiłków lub deserów.",7,75cl,"39,90",TA.02.png,Hiszpania,❌ brak pliku
MF.10,N/V,Białe,Marques de Fuertigo White Dry,Hiszpania,Blend,,"Wino wytrawne. Wyraźne, świeże aromaty owoców cytrusowych, z nutami jabłka, które w pełni oddają wpływ klimatu śródziemnomorskiego. Wino polecane do białego mięsa, owoców morza, sałatek, przekąsek. Podawać dobrze schłodzone.",12,75cl,"19,50",MF.10.png,Hiszpania,❌ brak pliku
MF.11,N/V,Czerwone,Marques de Fuertigo Red Dry,Hiszpania,Blend,,"Wino wytrawne. Bukiet z dojrzałymi owocami leśnymi znakomicie uzupełniony nutami czekolady i wiśni. Wino polecane do czerwonego mięsa, pizzy, serów. Podawać w temperaturze pokojowej.",12,75cl,"19,50",MF.11.png,Hiszpania,❌ brak pliku
MF.01,N/V,Białe,Marques de Fuertigo White Semi-Dry,Hiszpania,Blend,,"Wino półwytrawne. Bukiet z orzeźwiającymi nutami jabłka, gruszki oraz melona. Lekkie, przyjemnie świeże, białe, półwytrawne wino rekomendowane jako aperitif, do przystawek, makaronów, wędzonych serów, pasztetów i owoców morza.",12,75cl,"19,50",MF.01.png,Hiszpania,❌ brak pliku
MF.02,N/V,Czerwone,Marques de Fuertigo Red Semi-Dry,Hiszpania,Blend,,"Wino półwytrawne. Głębokorubinowa barwa. Nos z owocami przywołującymi wspomnienie gorącego hiszpańskiego lata. Wino eleganckie, dobrze zbudowane, które znakomicie pasuje do większości potraw.",12,75cl,"19,50",MF.02.png,Hiszpania,❌ brak pliku
LV.04,N/V,Białe,Grantino,D.O.C. Vinho Verde - Portugalia,"Loureiro, Trojadura",,"Wino półwytrawne. Grantino Vinho Verde to młode wino wyprodukowane z winogron zbieranych przed osiągnięciem pełnej dojrzałości, dzięki czemu ma lekki i świeży charakter. Słomkowy kolor ze złotymi refleksami, delikatny zapach cytrusów, liczi i kwitnącego drzewa lipy oraz mineralny owocowy finisz tworzą cudownie orzeźwiającą winną kompozycję. Najlepiej smakuje podawane do lekkich dań na bazie ryb, sałat lub jako aperitif.",12,75cl,"25,90",LV.04.png,Portugalia,Otwórz plik
RD.16,19,Czerwone,Duas Quintas Douro,D.O.C. Douro - Portugalia,"40% Touriga Francesa, 40% Tinta Roriz, 20% Touriga Nacional",12 miesięcy,"Wino wytrawne. 25% wina dojrzewa we francuskich dębowych beczkach przez 12 miesięcy, a pozostała część w kadziach ze stali nierdzewnej. Żywy, kwiatowy aromat z czasem zastępują czerwone owoce, truskawka, malina, figa z dodatkiem wanilii i ciemnej czekolady. W ustach bardzo świeże i delikatne z aksamitnymi taninami. Znakomite jako aperitif, a także do codziennych posiłków. NAGRODY - 90 pkt Wine&Spirits, 89 pkt Wine Enthusiast, 88 pkt Wine Spectator, Gold Medal – Tim Vollerslev, Gold Medal – Mundus Vini, Silver Medal – Decanter",14,75cl,"69,00",RD.16.png,Portugalia,❌ brak pliku
RD.14,N/V,Czerwone,Ramos Pinto Porto Ruby,D.O. Porto - Portugalia,"Tinta Barroca, Touriga Franca",,"Wino wzmacniane słodkie. Barwa bardziej intensywna niż dla Tawny Port. Mocne owocowe aromaty przede wszystkim wiśni, jeżyny, śliwki i maliny z nutą cynamonu. Długie zwięzłe zakończenie. Wino pasuje do sałatki z kaczką, deserów z czerwonymi owocami i każdego rodzaju sera. NAGRODY - Silver Medal – Monterey Wine Competition.","19,5",75cl,"68,00",RD.14.png,Portugalia,❌ brak pliku
RD.13,17,Czerwone,Ramos Pinto Porto LBV (oryginalny kartonik),D.O. Porto - Portugalia,"45% Tinta Roriz, 30% Touriga Nacional, 25% Tinta Barroca",,"Wino wzmacniane słodkie. Hojne, owocowe porto. Dominują w nim aromaty dojrzałych czerwonych owoców z nutami ciemnej czekolady i dymu. Pełne ciała wino, o dobrej strukturze, złożone, o przyjemnych taninach. Polecane do dziczyzny, sufletów serowych i deserów czekoladowych. NAGRODY - 93 pkt - Wine Spectator, Gold Medal Decanter, Recommended – International Wine&Spirits Competition.","19,5",75cl,"109,00",RD.13.png,Portugalia,❌ brak pliku
RD.46,0,Czerwone,Ramos Pinto Porto Vintage 2000,D.O. Porto - Portugalia,"Touriga Nacional, Tinta Roriz, Tinta Barroca, Old Vines",,"Wino wzmacniane słodkie. Porto z jednej z najstarszych winnic w regionie Douro, Quinta Do Bom Retiro. W zapachu to bogactwo aromatów takich jak: grejpfrut, morela, migdały, orzechy laskowe, ziarna kakao, wanilia, stara beczka po porto, fenol, cynamon, karmel, kawa, stearyna, jodyna. Znakomity aperitif, a także do czekolady, serów, suszonych owoców oraz deserów z kremem. NAGRODY - 93 pkt Wine Spectator, 93 pkt Wine Magazine, 98 pkt Decanter Magazine, 84 pkt Wine Enthusiast, Gold Medal – Decanter, Gold Medal – International, Wine & Spirit Competition, Highly Recommended – Decanter, Trophy – Drinks International.",20,75cl,"320,00",RD.46.png,Portugalia,❌ brak pliku
RD.10,N/V,Czerwone,Ramos Pinto 10 Years Old Port Quinta De Ervamoira (oryginalny kartonik),D.O. Porto - Portugalia,"Touriga Nacional, Touriga Franca, Tinta Roriz, Tinta Barroca",,"Wino wzmacniane słodkie. Początkowy oleisty smak zastępuje świeża, delikatna owocowość z wyważoną kwasowością. W zapachu wyczuwalne aromaty pomarańczy, moreli, śliwki oraz wanilii i starej beczki po porto. Znakomicie pasuje do sałatek z pomidorem, do deserów z suszonymi owocami i orzechami oraz marmolady z pomarańczy. NAGRODY - 93 pkt. Wine&Spirits, 92 pkt. Wine Spectator, Gold Medal – International, Wine Challenge.",20,75cl,"149,00",RD.10.png,Portugalia,❌ brak pliku
RD.11,N/V,Czerwone,Ramos Pinto 20 Years Old Port Quinta Do Bom Retiro (oryginalny kartonik),D.O. Porto - Portugalia,"Touriga Franca,Touriga Nacional,Tinta Roriz,Tinta Barroca,Tinto Cao",,"Wino wzmacniane słodkie. Porto z jednej z najstarszych winnic w regionie Douro, Quinta Do Bom Retiro. Bogactwo aromatów: grejpfrut, morela, migdały, orzechy laskowe, ziarna kakao, wanilia, stara beczka po porto, fenol, cynamon, karmel, kawa, stearyna, jodyna. Delikatne i wytrawne w ustach. Znakomity aperitif, a także do wieczornych posiłków, czekolady, serów, deserów z kremem, suszonych owoców. NAGRODY - 93 pkt. Wine Spectator, 93 pkt. Wine Magazine, 98 pkt. Decanter Magazine, 84 pkt. Wine Enthusiast, Gold Medal – Decanter, Gold Medal – International, Wine & Spirit Competition, Highly Recommended – Decanter, Trophy – Drinks International.","20,5",75cl,"295,00",RD.11.png,Portugalia,❌ brak pliku
RD.12,N/V,Czerwone,Ramos Pinto 30 Years Old Port (oryginalny kartonik),D.O. Porto - Portugalia,wiele różnych odmian z bardzo starych winorośli,,"Wino wzmacniane słodkie Aromat początkowo zachwycający nutą waniliową, suszonych owoców oraz orzechów. Następnie po zamieszaniu korzenne nuty cynamonu i kakao stają się dominujące. W ustach wyczuwalne przede wszystkim migdały i orzech laskowy z zaskakująco przyjemną świeżością oraz lukrecjowym zakończeniem. Wyśmienity partner do bawarskiego kremowego deseru z orzechem i mango. NAGRODY - 95 pkt Wine Spectator, 94 pkt Wine Enthusiastr, Gold Medal – International Wine&Spirits Competition, Gold Medal – International Wine Challenge, Gold Medal – Drinks International Awards, Silver Vine Leaf – Wine Master Challenge.","20,5",75cl,"420,00",RD.12.png,Portugalia,❌ brak pliku
PC.01,21,Czerwone,Reserva da Familia,Vinho Regional Lisboa - Portugalia,"45% Castelao, 35% Tinta Roriz, 20% Alicante Bouschet",4 miesiące,"Wino wytrawne. Portugalskie wino, które dojrzewało 4 miesiące we francuskiej dębowej beczce. Nos z aromatem leśnych owoców i przypraw z delikatnym niuansem czekolady. Dobrze zbudowane, delikatnymi taninami. Pozostawia bardzo aksamitny posmak. Idealny partner do pieczonej jagnięciny, pikantnych mięs i delikatnych serów.","13,5",75cl,"31,00",PC.01.png,Portugalia,Otwórz plik
PC.02,21,Czerwone,Reserva d’Amizade,Vinho Regional Lisboa - Portugalia,"45% Castelao, 35% Tinta Roriz, 20% Alicante Bouschet",1 miesiąc,"Wino wytrawne. Winogrona użyte do produkcji tego wina pochodzą z najlepszego terroir regionu Estremadura. Po ręcznym, selektywnym zbiorze w czwartym tygodniu września przechodzą proces fermentacji w kadziach ze stali nierdzewnej. Przed wejściem na rynek wino dojrzewa do 4 tygodni w beczce z francuskiego dębu. W smaku aksamitne, o znakomitej strukturze, z charakterystycznym bukietem owoców leśnych, przypraw i czekolady. Rekomendowane do pieczonej jagnięciny, pikantnych dań mięsnych oraz delikatnych serów. [NAGRODY]: Gold Medal – CWSA, Gold Medal – Mundus Vini, Silver Medal – Wines of Lisbon Region, Silver Vine Leaf – Wine Master Challenge, Silver Medal – AWC Vienna, Paris Trophy – WINE & SPIRITS PARIS TROPHY - Double Gold Medal 2024.","13,5",75cl,"31,00",PC.02.png,Portugalia,Otwórz plik
PC.03,21,Czerwone,Reserva d’Amizade Friendship FADO,Vinho Regional Lisboa - Portugalia,"40% Castelao, 30% Tinta Roriz, 30% Alicante Bouschet",8 miesięcy,"Wino wytrawne. Winogrona użyte do produkcji tego wina pochodzą z najlepszego regionu Estremadura. Po ręcznym, selektywnym zbiorze w czwartym tygodniu września przechodzą proces fermentacji w kadziach ze stali nierdzewnej. Przed wejściem na rynek wino dojrzewa do 8 miesięcy w beczce z francuskiego dębu. Rekomendowane do pieczonej jagnięciny, pikantnych dań mięsnych oraz delikatnych serów. [NAGRODY]: Gold Medal – CWWSC 2021.","13,5",75cl,"39,90",PC.03.png,Portugalia,Otwórz plik
PC.06,20,Czerwone,Reserva d’Amizade Friendship FADO MAGNUM,Vinho Regional Lisboa - Portugalia,"40% Castelao, 30% Tinta Roriz, 30% Alicante Bouschet",8 miesięcy,"Wino wytrawne. Winogrona użyte do produkcji tego wina pochodzą z najlepszego regionu Estremadura. Po ręcznym, selektywnym zbiorze w czwartym tygodniu września przechodzą proces fermentacji w kadziach ze stali nierdzewnej. Przed wejściem na rynek wino dojrzewa do 8 miesięcy w beczce z francuskiego dębu. Rekomendowane do pieczonej jagnięciny, pikantnych dań mięsnych oraz delikatnych serów. [NAGRODY]: Gold Medal – CWWSC 2021.","13,5","1,5 L","79,90",PC.06.png,Portugalia,❌ brak pliku
PC.07,21,Czerwone,Passos de Lisboa Reserva,Vinho Regional Lisboa - Portugalia,"Tinto Roriz, Syrah, Alicante Bouschet",,"Wino wytrawne. Rubinowa barwa. Blend szczepów: Tinto Roriz, Syrah i Alicante Bouschet. Starzone w beczce z dębu amerykańskiego przez 6 miesięcy. Nos z wyczwalnymi nutami wiśni, owoców leśnych, ciemnej czekolady, tytoniu, dymu i cygara, przeplecione aromatami przypraw i kwiatów. W ustach zwrównoważone, ze średnią kwasowością i miękkimi taninami, trwałe, z harmonijnym finiszem. Doskonale komponujące się z cięższymi potrawami mięsnymi, ciemnymi sosami i warzywami z grilla. [NAGRODY]: 90 pkt. James Suckling, Paris Trophy – WINE & SPIRITS PARIS TROPHY - Triple Gold Medal 2024.","13,5",75cl,"44,00",PC.07.png,Portugalia,Otwórz plik
DJ.01,22,Białe,Grand’Arte Chardonnay,Vinho Regional Lisboa - Portugalia,Chardonnay,,"Wino wytrawne. Bardzo aromatyczne, owocowe, bogate, o perfekcyjnej kwasowości. Znakomita świeżość, przyjemność i trwałość zakończenia. Świetne jako aperitif, do serów, owoców morza i ryb.","12,5",75cl,"39,90",DJ.01.png,Portugalia,Otwórz plik
DJ.04,19,Czerwone,Grand’Arte Touriga Nacional,Vinho Regional Lisboa - Portugalia,Touriga Nacional,6 miesięcy,"Wino wytrawne. Wino dojrzewa w beczkach z francuskiego dębu z Seguin Moreau o poj. 225L przez 6 miesięcy, następnie leżakuje 6 miesięcy w butelce. Intensywna czerwona barwa. Wino o urzekającym aromacie owoców oraz kwiatów. Eleganckie w ustach, z delikatnymi, przyjemnymi, bardzo dobrze zrównoważonymi taninami.Znakomite do intensywnych serów lub grillowanych czerwonych mięs.",13,75cl,"39,90",DJ.04.png,Portugalia,Otwórz plik
RD.04,15,Białe,Louis Roederer Cristal (ekskluzywne etui),Champagne - Francja,"60% Pinot Noir,40% Chardonnay",32% w beczce bez fermentacji malolaktycznej,"Wino musujące wytrawne. Najbardziej pożądany szampan świata – synonim luksusu. Szampan jednej z najbardziej prestiżowych marek na świecie Cristal od Maison Louis Roederer. Po raz pierwszy został stworzony w 1876 roku dla cara Rosji Aleksandra II w butelce ze szkła ołowiowego, przypominającego kryształ stąd też pochodzi jego nazwa. W latach 90-tych i na początku XXI wieku Cristal gościł praktycznie w każdym teledysku hip-hopowym (50 Cent, Jay-Z, R.Kelly, The Notorious BIG, 2Pac), pił go Quentin Tarantino w swoim filmie „4 pokoje”. Marka niezwykle rozpoznawalna i ceniona na całym świecie. Wino bogate, bardzo złożone o aromatach kandyzowanych owoców cytrusowych, pyłków białych kwiatów, porażonych orzechów laskowych, wanilii z delikatnymi niuansami dębu, brioche, biszkoptów i migdałów. W smaku mineralny, z tchnieniem kredy. Zmysłowy, niepowtarzalny, jedyny w swoim rodzaju. [NAGRODY] - 100 pkt – Wine & Spirits, 98 pkt - Wine Enthusiast, 97 pkt - James Halliday, 95 pkt - Wine Spectator, 96 pkt - Wine Advocate.","12,5",75cl,"1299,00",RD.04.png,Francja,❌ brak pliku
RD.28,12,Białe,Louis Roederer Cristal (skrzynka),Champagne - Francja,"60% Pinot Noir,40% Chardonnay",32% w beczce bez fermentacji malolaktycznej,"Wino musujące wytrawne. Najbardziej pożądany szampan świata – synonim luksusu. Szampan jednej z najbardziej prestiżowych marek na świecie Cristal od Maison Louis Roederer. Po raz pierwszy został stworzony w 1876 roku dla cara Rosji Aleksandra II w butelce ze szkła ołowiowego, przypominającego kryształ stąd też pochodzi jego nazwa. W latach 90-tych i na początku XXI wieku Cristal gościł praktycznie w każdym teledysku hip-hopowym (50 Cent, Jay-Z, R.Kelly, The Notorious BIG, 2Pac), pił go Quentin Tarantino w swoim filmie „4 pokoje”. Marka niezwykle rozpoznawalna i ceniona na całym świecie. Wino bogate, bardzo złożone o aromatach kandyzowanych owoców cytrusowych, pyłków białych kwiatów, porażonych orzechów laskowych, wanilii z delikatnymi niuansami dębu, brioche, biszkoptów i migdałów. W smaku mineralny, z tchnieniem kredy. Zmysłowy, niepowtarzalny, jedyny w swoim rodzaju. [NAGRODY] - 100 pkt – Wine & Spirits, 98 pkt - Wine Enthusiast, 97 pkt - James Halliday, 95 pkt - Wine Spectator, 96 pkt - Wine Advocate.","12,5","1,5L","2990,00",RD.28.png,Francja,❌ brak pliku
RD.21,13,Białe,Louis Roederer Cristal Rose (ekskluzywne etui),Champagne - Francja,"55% Pinot Noir, 45% Chardonnay",20% wina,"Wino musujące wytrawne. Cristal rose został po raz pierwszy wyprodukowany w 1974 roku. Pastelowa różowa barwa z jasnymi, lekko pomarańczowymi refleksami. Znakomite, długo trwające bąbelki. Bukiet delikatny i subtelny z elegancką owocowością (truskawka, figa), nutami cytryny i pomarańczy oraz soczystymi niuansami brzoskwini. W smaku pełne ciała, jedwabiste, bazujące na bardzo mineralnej świeżości, oddającej terroir upraw.","12,5",75cl,"2690,00",RD.21.png,Francja,❌ brak pliku
RD.01,N/V,Białe,Louis Roederer Collection 244 Champagne,Champagne - Francja,"40% Pinot Noir, 40% Chardonnay, 20% Pinot Meunier",,"Wino musujące wytrawne. „Elegancki, soczysty szampan ze świetną nutą kwiatu jabłoni. W ustach przywołuje wspomnienie zielonego i żółtego jabłka, mandarynki i startego imbiru z dodatkiem krakersów z razowej mąki pszennej. Cudowna struktura, ze smacznym zakończeniem” – Wine Spectator.","12,5",75cl,"245,00",RD.01.png,Francja,Otwórz plik
RD.17,N/V,Białe,Louis Roederer Collection 244 Champagne,Champagne - Francja,"40% Pinot Noir, 40% Chardonnay, 20% Pinot Meunier",,"Wino musujące wytrawne. „Elegancki, soczysty szampan ze świetną nutą kwiatu jabłoni. W ustach przywołuje wspomnienie zielonego i żółtego jabłka, mandarynki i startego imbiru z dodatkiem krakersów z razowej mąki pszennej. Cudowna struktura, ze smacznym zakończeniem” – Wine Spectator.","12,5",75cl,"255,00",RD.17.png,Francja,❌ brak pliku
RD.02,N/V,Białe,Louis Roederer Collection 244 Champagne,Champagne - Francja,"40% Pinot Noir, 40% Chardonnay, 20% Pinot Meunier",,"Wino musujące wytrawne. „Elegancki, soczysty szampan ze świetną nutą kwiatu jabłoni. W ustach przywołuje wspomnienie zielonego i żółtego jabłka, mandarynki i startego imbiru z dodatkiem krakersów z razowej mąki pszennej. Cudowna struktura, ze smacznym zakończeniem” – Wine Spectator.","12,5","37,5cl","145,00",RD.02.png,Francja,❌ brak pliku
RD.22,N/V,Białe,Louis Roederer Collection 242 Champagne,Champagne - Francja,"40% Pinot Noir, 40% Chardonnay, 20% Pinot Meunier",,"Wino musujące wytrawne. „Elegancki, soczysty szampan ze świetną nutą kwiatu jabłoni. W ustach przywołuje wspomnienie zielonego i żółtego jabłka, mandarynki i startego imbiru z dodatkiem krakersów z razowej mąki pszennej. Cudowna struktura, ze smacznym zakończeniem” – Wine Spectator.","12,5","1,5L","499,00",RD.22.png,Francja,❌ brak pliku
RD.31,N/V,Białe,Louis Roederer Collection 242 Champagne,Champagne - Francja,"40% Pinot Noir, 40% Chardonnay, 20% Pinot Meunier",,"Wino musujące wytrawne. „Elegancki, soczysty szampan ze świetną nutą kwiatu jabłoni. W ustach przywołuje wspomnienie zielonego i żółtego jabłka, mandarynki i startego imbiru z dodatkiem krakersów z razowej mąki pszennej. Cudowna struktura, ze smacznym zakończeniem” – Wine Spectator.","12,5",3L,"1150,00",RD.31.png,Francja,❌ brak pliku
RD.40,N/V,Białe,Louis Roederer Brut Premier z 2 kieliszkami w oryginalnym opakowaniu,Champagne - Francja,"40% Pinot Noir, 40% Chardonnay, 20% Pinot Meunier",,"Wino musujące wytrawne. „Elegancki, soczysty szampan ze świetną nutą kwiatu jabłoni. W ustach przywołuje wspomnienie zielonego i żółtego jabłka, mandarynki i startego imbiru z dodatkiem krakersów z razowej mąki pszennej. Cudowna struktura, ze smacznym zakończeniem” – Wine Spectator.","12,5",75cl,"375,00",RD.40.png,Francja,❌ brak pliku
RD.30,N/V,Białe,Louis Roederer Carte Blanche demi-sec,Champagne - Francja,"40% Pinot Noir, 40% Chardonnay, 20% Pinot Meunier",5% wina,"Wino musujące półwytrawne. Półwytrawny szampan o intensywnych kwiatowych aromatach (miód), nutach dojrzałych słodkich owoców, z ciepłymi słodkimi migdałami. Dodanie “dosage” odpowiada za bogatą, kremową strukturę ze świetną, nie za ciężką trwałością. Każda butelka zapakowana w elegancki, oryginalny kartonik.","12,5",75cl,"245,00",RD.30.png,Francja,❌ brak pliku
RD.35,N/V,Białe,Louis Roederer Carte Blanche demi-sec (kartonik),Champagne - Francja,"40% Pinot Noir, 40% Chardonnay, 20% Pinot Meunier",20% wina,"Wino musujące półwytrawne. Półwytrawny szampan o intensywnych kwiatowych aromatach (miód), nutach dojrzałych słodkich owoców, z ciepłymi słodkimi migdałami. Dodanie “dosage” odpowiada za bogatą, kremową strukturę ze świetną, nie za ciężką trwałością. Każda butelka zapakowana w elegancki, oryginalny kartonik.","12,5",75cl,"245,00",RD.35.png,Francja,❌ brak pliku
RD.25,17,Różowe,Louis Roederer Vintage Rose (kartonik),Champagne - Francja,"65% Pinot Noir, 35% Chardonnay",,"Wino musujące wytrawne. Różowa barwa z łososiowymi refleksami. Eleganckie bąbelki. Pierwsze aromaty to nuty poziomki, borówki, następnie słodkie aromaty kwiatowe z cytrusami, pomarańczą, różowym grejpfrutem, a na koniec suszone owoce, kakao, czekolada i ciepłe elementy korzenne. W smaku pełne ciała, kremowe, wyważone. Owocowo-kwiatowy posmak Pinot Noir w znakomitym połączeniu z mineralnością i świeżością z Chardonnay. Każda butelka zapakowana w elegancki, oryginalny kartonik.","12,5",75cl,"379,00",RD.25.png,Francja,❌ brak pliku
RD.03,16,Białe,Louis Roederer Brut Vintage,Champagne - Francja,"70% Pinot Noir, 30% Chardonnay",,"Wino musujące wytrawne. Żółta barwa z bursztynowymi refleksami. Żywe bąbelki. Intensywny bukiet z korzennymi i słodkimi aromatami (cedr, pudełko cygar) połączony z soczystymi dojrzałymi owocami (brzoskwinia) i nutami czekolady. W ustach krągłe i delikatne, jednocześnie bogate z tłustą strukturą, wyraźną mineralnością i kwasowością. Każda butelka zapakowana w elegancki, oryginalny kartonik.","12,5",75cl,"349,00",RD.03.png,Francja,❌ brak pliku
RD.44,15,Białe,Louis Roederer Blanc de Blancs,Champagne - Francja,Chardonnay,,"Wino musujące wytrawne. Elegancki szampan o soczystym aromacie kwiatu jabłoni, żółtego jabłka, imbiru i mandarynki. W ustach krągłe, jednocześnie bogate z tłustą strukturą, wyraźną mineralnością i kwasowością.","12,5",75cl,"379,00",RD.44.png,Francja,❌ brak pliku
JB.01,23,Białe,Chablis,A.O.C. Chablis - Francja,Chardonnay,16 miesięcy,"Wino wytrawne biodynamiczne. Złota barwa. Wino w pełni odzwierciedlające finezję terroir apelacji Chablis. Nos z dominującymi aromatami kwiatów oraz owoców cytrusowych. Wyczulwalna wyraźna nuta cytryny i białej brzoskwini. W ustach znakomicie wyważone, krągłe, oddające mineralność gleby. Dojrzewało 9 miesięcy w kadziach ze stali nierdzewnej. Rekomendowane do owoców morza (np. ostryg), grillowanych tłustych ryb (łosoś, tuńczyk) czy kozich serów. NAGRODY - 88/90 pkt - Stephen Tanzer’s, International Wine Cellar, 87 pkt - Wine Advocate.",13,75cl,"95,00",JB.01.png,Francja,Otwórz plik
JB.02,21,Białe,Chablis Premier Cru Côte de Léchet,A.O.C. Cru Cote De Lechet - Francja,Chardonnay,16 miesięcy,"Wino wytrawne biodynamiczne. Złota barwa z srebrzystymi niuansami. Winnica ze względu na swoje umiejscowienie, charakteryzujące się ubogim, bardzo kamienistym podłożem, daje niskie plony, a w zamian za to niezwykle wyraźną mineralność w winach. Winogrona są zbierane ręcznie. Pochodzące stąd Chablis ukazuje cytrusowe aromaty z akcentem anyżu. W smaku wino jest bardzo eleganckie, z zaznaczoną kwasowością i długo trwającym mineralnym zakończeniem. Rekomendowane przede wszystkim do ostryg, jak i innych owoców morza, serów i sałatek.","12,5",75cl,"159,00",JB.02.png,Francja,Otwórz plik
JB.03,23,Białe,Chablis Grand Cru Valmur,A.O.C. „Valmur” - Francja,Chardonnay,,"Wino wytrawne biodynamiczne. Złota barwa z zielonkawymi niuansami. Grand Cru Valmur, umiejscowione na wzniesieniach o ekspozycji południowo-zachodniej oraz południowej z glebą kimerydzką łączącą wapienie i margle ze skamieliną Exogyra Virgula, nadaje winom zrównoważoną mineralność oraz zaskakuje owocowością. Nos z wyczuwalną cytryną, lekko korzenny i pieprzny. W ustach słodkie niuanse kandyzowanej pomarańczy i słone tchnienie mineralności muszli ostryg. Wino dojrzewało 16 miesięcy w foudre. Znakomite do przegrzebków, piersi z kurczaka ze smardzami, całej gamy serów oraz białych mięs, drobiu i skorupiaków w kremowych sosach.",13,75cl,"309,00",JB.03.png,Francja,Otwórz plik
JB.04,22,Białe,Bourgogne Chardonnay Jean-Marc Brocard Vegan Organic,Bourgogne A.O.C. - Francja,Chardonnay,,"Wino wytrawne biodynamiczne. Złota barwa. Wino w pełni odzwierciedlające finezję terroir apelacji Chablis. Nos z dominującymi aromatami delikatnych białych kwiatów oraz owoców cytrusowych. Wyczulwalna wyraźna nuta cytryny i białej brzoskwini. W ustach znakomicie wyważone, krągłe, oddające mineralność gleby. Dojrzewało 9 miesięcy w kadziach ze stali nierdzewnej. Rekomendowane do owoców morza (np. ostryg), grillowanych tłustych ryb (łosoś, tuńczyk) czy kozich serów. NAGRODY - 88/90 pkt - Stephen Tanzer’s, International Wine Cellar, 87 pkt - Wine Advocate.","12,5",75cl,"66,00",JB.04.png,Francja,Otwórz plik
JB.05,NV,Białe,Crement de Bourgogne Jean-Marc Brocard 0 Dosage Brut Vegan,Crement de Bourgogne A.O.C. - Francja,Chardonnay,,"Wino wytrawne „Crémant” oznacza wina musujące pochodzące z innych niż Szampania regionów Francji, wytwarzane przy użyciu tradycyjnej metody wtórnej fermentacji w butelce i ilości gazu takiej jak w szampanach. Piękny bladożółty odcień ze złotymi odcieniami. W nosie wydobywają się aromaty kwiatów, cytrusów, białych owoców, ciasta francuskiego, brioche z lekko mineralnymi nutami. Niezwykle eleganckie wino musujące. Na podniebieniu pełne i jędrne, delikatnie mineralne, orzeźwiające ze złożononym smakiem. Zrównoważone i wszechstronne wino które urzeka.","12,5",75cl,"79,00",JB.05.png,Francja,Otwórz plik
LU.07,19,Białe,Chateau La Louviere Blanc,A.O.C. Pessac Leognan (Grand Vin de Bordeaux) - Francja,Sauvignon Blanc,10 mies. na osadzie.,"Wino wytrawne. Wino dojrzewa 10 miesięcy w dębowej beczce, z czego 50% w nowej. Jasnozielona szata. Intensywne aromaty egzotycznych i cytrusowych owoców, białej brzoskwini, z nutami miodu. W ustach mocne, z dużą ilością dojrzałych owoców, jak również elementami maślanymi i tostowymi. Zasługuje nsa status „cru classe”. Do picia jako młode ze względu na swoją owocowość i żywy charakter lub za 5-7 lat dla koneserów. [NAGRODY] - 90 pkt Wine Spectator, 89 pkt Wine Advocate, 89 pkt Gilbert&Gaillard Guide, 88 pkt Parker Selection, 17.5 – Decanter, 16.5 – Gault&Millau Guide","13,5",75cl,"209,00",LU.07.png,Francja,Otwórz plik
LU.09,18,Czerwone,Chateau La Louviere Rouge,A.O.C. Pessac Leognan (Grand Vin de Bordeaux) - Francja,75% Merlot 25% Cabernet Sauvignon,12 miesięcy,"Wino wytrawne. Wino z flagowej posiadłości Andre Lurtona dojrzewające 12 miesięcy w dębowej beczce, z czego 50-75% w nowej. Nos harmonijny, złożony, łączący aromaty śliwki, orzecha laskowego, kandyzowanych owoców z leśnymi nutami i dodatkiem wanilii oraz tytoniu. W smaku obfite i delikatne z taninami nadal trochę ostrymi, ale nie agresywnymi. Znakomite do dziczyzny i serów. [NAGRODY] - 94 pkt Wine Enthusiast, 91 pkt Markus Del Monego, 87-89 pkt Gault&Millau Guide, 86-89 pkt Wine Magazine, 86-89 pkt Gilbert&Gaillard Guide, 84-86 pkt Wine Spectator.",13%,75cl,"219,00",LU.09.png,Francja,Otwórz plik
LU.04,20,Białe,Château Coucheroy Blanc,A.O.C. Pessac-Léognan - Francja,Sauvignon Blanc,,"Wino wytrawne. Wino wytrawne. Barwa bladożółta, usiana zielonymi refleksami. Nos średnio intensywny, z aromatami takimi jak białe owoce, brzoskwinia, grejpfrut z lekką maślaną nutą. Na podniebieniu dobrze zrównoważone, świeże z przyjemną strukturą typową dla Sauvignon Blanc. Wyczuwalne nuty owoców pestkowych (brzoskwinia, morela), a także brioche. Wino świetnie się sprawdzi w towarzysztwie m.in. terriny z łososiem, szczawiem, półmiskiem ostryg, a nawet blanquette z cielęciny.",13,75cl,"88,00",LU.04.png,Francja,Otwórz plik
LU.113,19,Czerwone,l’Éloquence Margaux,A.O.C. Margaux - Francja,"96% Merlot, 4% Petit Verdot",,"Wino wytrawne. Ciemna bordowa barwa. To wino to czysta elokwencja apelacji Margaux. ​Zbiór winogron ręczny.​ Wyprodukowane w 96% ze szczepu Merlot z małym dodatkiem 4% Petit Verdot. W nosie wyczuwalne bardzo dojrzałe czarne owoce z dominacją jeżyny, czarnej porzeczki i borówki. W ustach pełne, kremowe,​ z eleganckimi miękkimi taninami,​ nutami lekko pikantnych czerwonych owoców.​ Zrównoważone, przyjemne. Fermentacja w kadziach ze stali nierdzewnej​. Dobre do wszelkiego rodzaju czerwonych mięs​​ czy bardziej „mięsistych warzyw”​ oraz dań bogatych w przyprawy. Dobrze będzie komponowało się również z twardymi serami.","13,5",75cl,"128,00",LU.113.png,Francja,❌ brak pliku
LU.112,20,Białe,Diane Blanc de Noirs Brut Nature,A.O.C. Bordeaux - Francja,100 % Cabernet Sauvignon,,"Wino wytrawne musujące. Rzadkość i wyjątkowość są tutaj słowami kluczowymi. Diane Blanc de Noirs (czyli wino białe wyprodukowane z ciemnej odmiany) zostało wyprodukowane metodą tradycyjną w 100% ze szczepu Cabernet Sauvignon! Ta specyfika nadaje winu niezwykłą strukturę i bogatą owocowość. Aromaty są pełne świeżości, wyraziste, z dominującą nutą białych i czerwonych owoców. W smaku spójne z aromatami. Wino polecane jako aperitif oraz do deserów z czerwonych owoców. Jako że jest to produkt kategorii „brut nature”, będzie to świetny wybór dla wszystkich, którzy lubią mocno wytrawne wina.",13,75cl,"59,00",LU.112.png,Francja,Otwórz plik
LU.01,23,Białe,Chateau Bonnet,A.O.C. Bordeaux - Francja,"50% Sauvignon Blanc, 35% Semillon, 15% Muscadelle",,"Wino wytrawne. Wino dojrzewa 4 miesiące w kadziach na osadzie. Oddaje swoją osobowość poprzez intensywne aromaty grejpfruta, bukszpanu i kwiatu akacji. Pozostawia długie zakończenie z owocami cytrusowymi oraz żółtą brzoskwinią. Wino już do picia, świetne do ryb, skorupiaków i letnich sałatek. Nagrody: 91 points - William Kelley, Wine Advocate , 90-92 points - Lisa Perrotti-Brown, Wine Advocate, 94-95 points - James Suckling, JamesSuckling.com, 93-95 points - Roger Voss, Wine Enthusiast, 93 points - Jane Anson, Decanter.com,93 points - Jane Anson, Insidebordeaux.com, 92 points - Jeff Leve, thewinecellarinsider.com, 89 points - Tim Atkin, MW - timatkin.com, 90-92 points - Neal Martin, Vinous, 90 points - Antonio Galloni, Vinous, 92 points - Jeb Dunnuck MW, 92 points - Andreas Larsson, Tasted, 91-93 points - Ian D’Agata, Terroirsense.com, 90-91 points - La Revue du Vin France, 87-88 points - Bettane & Desseauve.","12,5",75cl,"52,00",LU.01.png,Francja,❌ brak pliku
LU.45,23,Różowe,Chateau Bonnet Rose,A.O.C. Bordeaux - Francja,"50% Merlot, 50% Cabernet Sauvignon",,"Wino wytrawne. Jasnoróżowa barwa. Bogaty aromat czerwonych owoców (wiśnia, truskawka, malina, czarna porzeczka) z delikatnymi nutami owocowego ciasta. Średnia kwasowość. Finisz długi, odświeżający. Wino szczególnie rekomendowane do dań kuchni śródziemnomorskiej. NAGRODY: Najlepsze Różowe Wino – Wine&Spirits (Warszawa), Best Of Glass (Gold) – Varldens Viner, Gold Medal – Concours Mondial De Bruxelles, Gold Medal – Le Mondial Du Rose, Silver Medal – International Wine Challenge.","13,5",75cl,"52,00",LU.45.png,Francja,Otwórz plik
LU.02,20,Czerwone,Chateau Bonnet,A.O.C. Bordeaux - Francja,"50% Cabernet Sauvignon, 50% Merlot.",,"Wino wytrawne. Nos w pierwszym momencie bogaty w aromaty ciemnej wiśni i dojrzałych truskawek, następnie dołączają nuty czarnej porzeczki, fiołków oraz tostu. Wino obfite w owocowość, ale zrównoważone, o dobrej strukturze. Czysta przyjemność! Znakomite do bogatej gamy potraw. Nadaje się do starzenia przez co najmniej kolejne 10 lat. NAGRODY: 88 pkt - Vin Vino Life Unfiltered.",13,75cl,"52,00",LU.02.png,Francja,Otwórz plik
LU.03,18,Czerwone,Chateau Bonnet Reserve,A.O.C. Bordeaux - Francja,"59% Merlot, 40% Cabernet Sauvignon, 1% Cabernet Franc",,"Wino wytrawne. Wino dojrzewa przez 12 miesięcy w dębowej beczce, z czego 25% w nowej. Nos to bogactwo owoców z eleganckimi niuansami dębu, przypraw i dymu tytoniowego. W smaku wyczuwalne dojrzałe dzikie owoce, mokka, wanilia oraz lukrecja. Wino z potencjałem starzenia. Znakomite do dań z ciężkimi sosami i twardych serów. [NAGRODY] - 88 pkt Wine Spectator, 7.5/10 – Fleurs Des Vins Guide 14/20 – Gault&Millau Guide.",14,75cl,"68,00",LU.03.png,Francja,Otwórz plik
ES.01,20/21,Czerwone,Chateau Pithivier,A.O.C. Bordeaux - Francja,Merlot,,"Wino wytrawne. Wspaniały, bardzo owocowy Claret (czerwone wytrawne wino z Bordeaux). W smaku niuanse jeżyny, wiśni i espresso, z odrobiną korzennej nuty w zakończeniu. Nos również pełny aromatów owocowych z przewagą porzeczki oraz nutą dymu tytoniowego. Znakomite jako aperitif, do wędlin, dań bufetowych czy na piknik. Przykład podstawowego wina z Bordeaux, które świetnie konkuruje z winami z Nowego Świata w kategorii stosunek jakości do ceny. [NAGRODY]: Selectionne Paar - Le Guide, Hachette de Vins.","13,5",75cl,"38,00",ES.01.png,Francja,Otwórz plik
ES.07,21,Czerwone,Château Hautes Versannes,A.O.C. Saint Emilion (Grand Vin De Bordeaux) - Francja,"65 % Merlot, 35 % Cabernet Franc",12 miesięcy,"Wino wytrawne. Aksamitne, młode wino o świeżych aromatach owocowych z dodatkiem pikantnych przypraw. Wino średnio złożone o delikatnych taninach. Idealnie pasuje do wszelkiego rodzaju zapiekanek, pieczonych lub grillowanych czerwonych mięs i złożonych serów. W smaku wyczuwalny zwłaszcza aromat śliwki i czerwonych suszonych owoców. [NAGRODY]: 95 pkt. DWWWA 2022, Gold DWWA 2022. Decanter World Wine Awards Argent 2021.",14,75cl,"59,00",ES.07.png,Francja,❌ brak pliku
ES.03,21,Czerwone,Chateau Le Loup,A.O.C. Saint Emilion Grand Cru (Grand Vin De Bordeaux) - Francja,"48% Merlot, 52% Cabernet Franc",12 miesięcy,"Wino wytrawne. Dojrzewa we francuskim dębie. Przepełnione owocowością, z eleganckimi taninami i dobrą koncentracją. Pozostawia długi finisz. Wino rekomendowane do czerwonego mięsa (szczególnie do pieczeni z jagnięciny), a także do pieczonego drobiu. [NAGRODY]: Commended – Guide Hachette, Silver Medal – Concours Mondial de Bruxelles, Bronze Medal – Concours des Vins d’Aquitaine.",13,75cl,"88,00",ES.03.png,Francja,Otwórz plik
ES.06,16,Czerwone,Chateau Moulin De Bel Air,A.O.C. Medoc Cru Bourgeois - Francja,"80% Merlot, 20% Cabernet Sauvignon",12 miesięcy,"Wino wytrawne. Głęboka czerwono-fioletowa barwa. Wino dojrzewało 12 miesięcy w dębowych beczkach, przechodziło fermentację malolaktyczną. W aromacie owocowe z wyraźną nutą wiśni, jagody oraz owoców cytrusowych. W okresie starzenia wyłaniają się nuty orzechów laskowych. W ustach bogate z eleganckim finiszem.",13,75cl,"58,00",ES.06.png,Francja,Otwórz plik
SD.02,21,Białe,Riesling Domaines Schlumberger „Les Princes Abbes”,A.O.C. Alsace - Francja,Riesling,,"Wino wytrawne. Riesling to najbardziej szlachetna i najlepsza odmiana winogron w Alzacji. Sprowadzona w XV wieku z Rhinelandu przypuszcza się, że faktycznie pochodzi z regionu Orleanu. Wino o żółtej szacie z zielonymi refleksami. Dojrzewa na osadzie od 6 do 8 miesięcy. Nos wyraźny, otwarty z bardzo świeżymi owocowymi nutami (grejpfrut, zielona limonka). W ustach początkowo mocny i ostry z czasem nabiera cech pełnego ciała i daje w zakończeniu świetną świeżość. Wino znakomite do owoców morza, skorupiaków oraz surowych i marynowanych ryb. NAGRODY - 91 pkt - Wine Spectator, 86 pkt - Wine Enthusiast, 17/20 pkt – Gault&Millau Guide","13,5",75cl,"71,00",SD.02.png,Francja,❌ brak pliku
SD.03,22,Białe,Gewurztraminer Domaines Schlumberger „Les Princes Abbes”,A.O.C. Alsace - Francja,Gewürztraminer,,"Wino wytrawne. Traminer jest najprawdopodobniej najlepiej znanym winem alzackim. Uprawiany był już w XVI wieku na północy Włoch. Gewurztraminer (dosłownie oznacza korzenny lub piżmowy Traminer) to selekcja najbardziej aromatycznych win Traminer, a swoją właściwą nazwę otrzymał około 1950 roku. Wino o ożywionych aromatach łączących nuty róży, lychee, piżmy i orientalnych przypraw. Dojrzewa na osadzie od 6 do 8 miesięcy. W ustach pełne ciała z długim zakończeniem typowym dla orzechowej brandy. Znakomity towarzysz do wszelkiego rodzaju pikantnych potraw kuchni orientalnej, chińskiej, indonezyjskiej. NAGRODY - 90 pkt Wine Spectator, Gold Medal – New Zealand Award, 16/20 pkt – Gault&Millau Guide, 14/20 pkt – Bettane&Desseauve Guide.","13,5",75cl,"89,00",SD.03.png,Francja,❌ brak pliku
SD.05,21,Białe,Pinot Gris Domaines Schlumberger „Les Princes Abbes”,A.O.C. Alsace - Francja,Pinot Gris,,"Wino wytrawne. Właściwie to burgundzki Pinot, który w Alazacji uprawiany jest od VII wieku (nazwa Pinot Gris używana jest od 2007 roku). Wino dojrzewa na osadzie około 8 miesięcy. Nos mineralny, z pigwą, soczystymi białymi owocami, naftą, mokrym kamieniem i nutami lukrecji. Bardzo szlachetne i eleganckie wino. Znakomite do drobiu, grillowanych ryb, makaronów z owocami morza i sałat. NAGRODY - 92 pkt – Wine&Spirits, 92 pkt – Wine Spectator, The Best Wine of the World – Wine Spectator, Smart Buy – Wine Spectator, 14.5/20 – Bettane&Desseauve Guide.",14,75cl,"79,90",SD.05.png,Francja,❌ brak pliku
JD.01,23,Białe,Chablis Louis Jadot,A.O.C. Chablis - Francja,Chardonnay,,"Wino wytrawne. Jasnozłota barwa. Wino w pełni odzwierciedlające finezję terroir apelacji Chablis. Nos oddający mineralność gleby z dominującymi nutami kwiatów oraz owoców cytrusowych. Tłuste, świeże wino, znakomicie wyważone. Rekomendowane do owoców morza, np. ostryg, do tłustych ryb (łosoś, tuńczyk), sałat i kozich serów.","12,5",75cl,"119,00",JD.01.png,Francja,Otwórz plik
JD.55,18,Białe,Chablis Beauroy Premier Cru Louis Jadot,A.O.C. Chablis - Francja,Chardonnay,część wina,"Wino wytrawne. Winogrona z tej winnicy dojrzewają wcześniej niż w innych miejscach w Chablis. Po miękkim tłoczeniu część soku jest fermentowana w beczkach o pojemności 406 litrów. Druga część jest winifikowana i starzona w kadziach ze stali nierdzewnej. Starzenie trwa zwykle od 13 do 15 miesięcy przed zabutelkowaniem. Wino wyraziste, owocowe, polecane jest do różnego rodzaju sałat, owoców morza, sushi, tatara z łososia, kuchni wegetariańskiej, m.in. do tarty warzywnej, dań z koprem włoskim, placków z cukinii, gratin warzywnego, makaronów z woka, wegańskiego burgera, ale również do ślimaków, żabich udek i koziego sera. Temperatura serwowania 12-14 °C.","13,5",75cl,"199,00",JD.55.png,Francja,Otwórz plik
JD.04,23,Białe,Macon Blanc Villages Louis Jadot,A.O.C. Macon Villages - Francja,Chardonnay,,"Wino wytrawne. Wino poddawane procesowi winifikacji w kadziach ze stali nierdzewnej. Wytrawne, żywe, o owocowym charakterze z kwiatowym aromatem i nutą cytryny. Do picia schłodzone i raczej młode. Znakomite do szerokiej gamy potraw, jak np. hors d’œuvres, smażonych i grillowanych ryb, owoców morza, kozich serów i drobiu.",13,75cl,"85,00",JD.04.png,Francja,Otwórz plik
JD.06,22/23,Białe,Chardonnay Bourgogne Louis Jadot,A.O.C. Bourgogne - Francja,Chardonnay,50% wina 6 miesięcy,"Wino wytrawne. 50% wina dojrzewa w dębowych beczkach, a pozostała część w tankach ze stali nierdzewnej. W efekcie otrzymujemy połączenie świeżości, owocowości i dobrej struktury. Aromaty harmonijne, bardzo przyjemne z wyraźnymi kwiatami i miąższem owoców. Znakomity aperitif, pasuje do drobiu, kozich serów, a z czasem do bardziej wyszukanych potraw.","12,5",75cl,"98,00",JD.06.png,Francja,Otwórz plik
JD.07,23,Białe,Pouilly - Fuisse Louis Jadot,A.O.C. Pouilly - Fuisse - Francja,Chardonnay,6 miesięcy,"Wino wytrawne. Jasnozłota barwa. Wino w pełni odzwierciedlające charakterystykę terroir. W smaku harmonijne, świeże, z aromatem orzecha laskowego, palonych migdałów, grejpfruta i cytryny. Podawać schłodzone do skorupiaków, ryb, białego mięsa w kremowym sosie i do drobiu.",13,75cl,"188,00",JD.07.png,Fuisse,Otwórz plik
JD.08,22,Białe,Meursault Louis Jadot,A.O.C. Meursault - Francja,Chardonnay,15-18 miesięcy,"Wino wytrawne. Louis Jadot Meursault to 100% Chardonnay. Dojrzewało 15-18 miesięcy w beczkach z dębu francuskiego. W nosie uwodzi aromatem migdałów okraszonych przyprawami. W ustach gęste, mięsiste, przodują nuty cytrusowe, w tym trawa cytrynowa i przyprawy śródziemnomorskie. Finisz długi, przyjemny, mineralny.",13,75cl,"349,00",JD.08.png,Francja,Otwórz plik
JD.20,22,Białe,Chassagne-Montrachet Louis Jadot,A.O.C. Chassagne-Montrachet - Francja,Chardonnay,12 miesięcy,"Wino wytrawne o głębokiej barwie i pełnym smaku. Szlachetny i dostojny biały burgund z apelacji AOC Chassagne-Montrachet. W nosie z wyraźnymi nutami wanilii, gałki muszkatołowej, ale także cytrusów. W ustach spójne z aromatami. Wino zachwyca równowagą między intensywnością i bogactwem w smaku a strukturą z miękkim finiszem. Doskonały dodatek do ryb, skorupiaków, drobiu i serów.",13,75cl,"490,00",JD.20.png,Francja,❌ brak pliku
JD.10,22,Białe,Puligny Montrachet Premier Cru La Garenne Louis Jadot,A.O.C.Puligny Montrachet Premier Cru - Francja,Chardonnay,15 miesięcy,"Wino wytrawne. Jedno z najlepszych win wśród białych Burgundów. La Garenne znajduje się nad Puligny, gdzie winorośl rośnie na płytkiej glebie na wapiennym podłożu. Jest to nieco chłodniejsze miejsce w porównaniu do pobliskich Premier i Grand Crus, w wyniku czego wino odzwierciedla bardziej surowy styl. Dojrzewa około 15 miesięcy w beczce, z czego 1/3 w nowej. To klasyczne Puligny oferuje delikatne aromaty kwiatów lipy, lychee, owoców papai, które są przeplecione zapachem mokrego kamienia. Charakteryzuje się dosyć wysoką kwasowością. W ustach wyczuwalne egzotyczne owoce na tle nut migdałów, wanilii i dębu. Idealny partner do sałatek, owoców morza, ceviche, sushi, potraw wegetariańskich, makaronów wok, fish&chips, kurczaka, serów.",13,75cl,"549,00",JD.10.png,Francja,Otwórz plik
JD.16,22,Czerwone,Couvent Des Jacobins Pinot Noir Bourgogne Louis Jadot,A.O.C. Bourgogne - Francja,Pinot Noir,6-8 miesięcy,"Wino wytrawne. Typowe wino dla regionu Burgundii z delikatnymi aromatami czerwonych owoców, które przechodzą w bardziej złożone tj. przyprawy i leśne nuty w miarę dojrzewania. Młode rekomendowane schłodzone do grillowanego czerwonego mięsa. Po 2 latach idealne do bardziej wyszukanych potraw między innymi dziczyzny, serów. NAGRODY - 90 pkt - Wine Spectator.",13,75cl,"109,00",JD.16.png,Francja,Otwórz plik
JD.45,20,Czerwone,Nuits - Saint - Georges Louis Jadot,A.O.C. Nuits - Saint - Georges - Francja,Pinot Noir,12 miesięcy,"Wino wytrawne. Dojrzewa w dębowej beczce przez 12 miesięcy. Wino potężne, pełne ciała o intensywnej barwie. W smaku wyraźne dojrzałe owoce. Bukiet z niuansami dębu. Do przechowywania przez kolejne 12-15 lat. Znakomite do sosów na bazie z czerwonego wina, marynowanej lub pieczonej dziczyzny, serów.",13,75cl,"299,00",JD.45.png,Saint,Otwórz plik
JD.57,13,Czerwone,Beaune Premier Cru Clos Des Couchereaux Heritiers,A.O.C. Beaune Premier Cru - Francja,Pinot Noir,12-15 miesięcy,"Wino wytrawne. Wino oferuje aromaty i smaki wiśni, czarnej porzeczki, kwiatów i minerałów. Dostarczając taniny, które dobrze współgrają z mięsistym charakterem, wino pozostaje zrównoważone i trwałe. Długi finisz odzwierciedla owoc.","13,5",75cl,"199,00",JD.57.png,Francja,❌ brak pliku
JD.21,20,Czerwone,Pommard Louis Jadot,A.O.C. Pommard - Francja,Pinot Noir,12-15 miesięcy,"Wino wytrawne. Dojrzewa w dębowej beczce przez około 12-15 miesięcy. Ostry bukiet z czarną porzeczką, maliną, piżmem i zwierzęcymi nutami. W ustach zwarte, pełne ciała, mimo to wyjątkowo krągłe i hojne, z delikatną owocową głębią. Rekomendowane do pikantnych potraw o wyraźnym zapachu.",13,75cl,"329,00",JD.21.png,Francja,Otwórz plik
JD.54,19,Czerwone,Corton Grand Cru Louis Jadot,A.O.C. Corton Grand Cru - Francja,Pinot Noir,18 miesięcy,"Wino wytrawne. Pinot Noir z Cote du Beaune. Dojrzewało w butelce 18 miesięcy. Wino, którego bogatą paletę aromatów takich jak leśne owoce, skóra, nuty ziemiste czy dębowe odnajdziemy w miarę upływu lat. Rekomendowane do pieczonego łososia, kurczaka, grillowanego czerwonego mięsa, kaczki, przepiórki, dziczyzny.","14,5",75cl,"620,00",JD.54.png,Francja,❌ brak pliku
JD.15,20/21,Czerwone,"Chateau Des Jacques, Moulin-a-Vent Louis Jadot",A.O.C. Moulin-a-Vent - Francja,Gamay,6 miesięcy,"Wino wytrawne. „Król Beaujolais”. Dojrzewa w dębowej beczce przez 6 miesięcy. Mięsista, prawie tłusta struktura o lepszej trwałości w porównaniu z innymi Cru z Beaujolais. Do przechowywania przez kolejne 10 i więcej lat. Polecane do czerwonego mięsa i dziczyzny. NAGRODY - 90 pkt - Wine Spectator, 90 pkt - Wine Advocate, 16/20 pkt - Michel Bettane, Top 100 - Wine Spectator.","12,5",75cl,"109,00",JD.15.png,Francja,Otwórz plik
JD.56,22,Czerwone,"Chateau Des Jacques, Morgon Louis Jadot",A.O.C. Morgon - Francja,Gamay,,"Morgon Château des Jacques od Louis Jadot zachwyca elegancko suchym smakiem i doskonałą równowagą aromatów. Ciesz się tym winem czerwonym, idealnie pasującym do grillowanego mięsa lub obfitych talerzy serów, aby doświadczyć niezapomnianych doznań smakowych. Wytwarzany z klasycznej winorośli Gamay w renomowanym regionie Burgundii, ten win pokazuje esencję francuskiej tradycji winiarskiej w Twoim kieliszku","12,5",75cl,"99,00",JD.56.png,Francja,❌ brak pliku
JD.13,23,Czerwone,"Combe Aux Jacques, Beaujolais Villages Louis Jadot",A.O.C. Beaujolais Villages - Francja,Gamay,,"Wino wytrawne. Długi proces maceracji pozwala osiągnąć dobrą ekstrakcję, stąd wino ma świetną strukturą i jest w stanie dojrzewać przez kolejne lata. Polecane schłodzone celem zachowania właściwych owocowych aromatów oraz delikatnej świeżości. Idealne do delikatesów oraz włoskiej żywności. NAGRODY - 90 pkt - Gold Medal - International Wine Challenge.",13,75cl,"68,00",JD.13.png,Francja,Otwórz plik
DF.01,N/V,Białe,Decelle Frères Brut Champagne,Champagne - Francja,"80% Pinot Noir, 10% Chardonnay, 10% Pinot Blanc",,"Wino musujące wytrawne. W aromacie bardzo orzeźwiające, z wyczuwalnymi przyjemnymi nutami białych owoców. W ustach złożone, z wyraźnymi niuansami czerwonych owoców, róży i czerwonej pomarańczy. Na podniebieniu cudownie miękkie, pełne i aksamitne dzięki Pinot Blanc, które jako bardziej odporne na mróz niż Chardonnay, dodaje winu krągłości. Wino, dzięki doskonale zachowanej świeżości, sprawdzi się jako aperitif czy w food pairingu z zimnymi przystawkami podczas wyjątkowych przyjęć okolicznościowych.",12,75cl,"137,00",DF.01.png,Francja,Otwórz plik
RD.18,23,Białe,Domaines Ott Clos Mireille Cru Classe Organic,A.O.C. Cotes de Provence - Francja,"70% Semillon, 30% Rolle",,"Wino wytrawne. W pełni oddaje terroir Clos Mireille, którego mikroklimat oraz bliskość morza sprzyjają produkcji wyjątkowych win. Ujmująca jasnozłota szata z delikatnymi srebrno-zielonymi refleksami. Nos wyraźny, owocowy z aromatem migdałów i żółtego melona. W ustach świeże, z kwasowością, przywołujące nuty brzoskwini, białej śliwki, skórki cytrynowej i kwiatów limonki. NAGRODY - 94 pkt Wine & Spirits, 93 pkt - Decanter, 91 pkt - Wine Enthusiast.",13,75cl,"166,00",RD.18.png,Francja,❌ brak pliku
RD.07,23,Rożowe,Domaines Ott Rose Clos Mireille Organic,A.O.C Cotes De Provence - Francja,"65% Grenache, 22% Cinsault 13% Syrah",,"Wino wytrawne. Nos początkowo mineralny, następnie owocowy z nutą mandarynki, brzoskwini i mango. W ustach harmonijne, bogate, pełne, z zaznaczoną świeżością grejpfruta. Finezyjny długi finisz. Świetne jako towarzysz lekkiej kuchni orientalnej, dań z rybą, białym mięsem, ale również jako lekki aperitif solo. NAGRODY - 92 pkt. Wine Enthusiast, 93 pkt. - Eric Guido, 95 pkt. Wine & Spirit, European Winery of the Year 2022 - Wine Enthusiast WINE STAR AWARDS 2022.","13,5",75cl,"166,00",RD.07.png,Francja,❌ brak pliku
RD.41,23,Różowe,Domaines Ott BY.OTT Organic,A.O.C. Cotes de Provence - Francja,"70% Grenache, 20% Cinsault, 10% Syrah",,"Wino wytrawne. Przyjazne i eleganckie wino, które w pełni oddaje tradycję domu winiarskiego Domaines Ott. Krystalicznie różowa szata z pomarańczowym refleksem. Nos delikatnie owocowy z nutami białej brzoskwini i moreli oraz marakui i mango. W ustach pełne, świeże i żywe z wyróżniającą się skórką cytrynową i słodkimi przyprawami typu cynamon i kardamon. NAGRODY - 91 pkt Wine & Spirits.",13,75cl,"99,00",RD.41.png,Francja,❌ brak pliku
CM.03,23,Rożowe,Miraval Rose Oryginalne pudełko,A.O.P. Côtes De Provence - Francja,Cinsault Grenache Syrah Rolle,,"Wino wytrawne. Przepiękny łososiowy kolor. Świeże, orzeźwiające i mineralne, z delikatnymi nutami cytrusów, czerwonych owoców oraz białych kwiatów. Długi, wyraźnie owocowy finisz.","12,5",75cl,"122,00",CM.03.png,Francja,Otwórz plik
CM.11,23,Różowe,Studio By Miraval Rose MAGNUM,I.G.P. Méditerranée - Francja,"Cinsault, Grenache, Rolle, Tibouren",,"Wino wytrawne. Zachwycający, jasnoróżowy kolor z pastelowymi refleksami. Przyjemny nos ukazujący bukiet aromatów czerwonych jagód i kwiatu wiśni. Na podniebieniu pełne, żywe, z wyraźnym posmakiem czerwonej pomarańczy i czerwonej porzeczki oraz z doskonale zrównoważoną mineralnością i lekką nutą goryczy. Długi, soczysty finisz będący pięknym dopełnieniem tego eleganckiego wina.","12,5",75cl,"63,00",CM.11.png,Francja,❌ brak pliku
CM.12,23,Różowe,Studio By Miraval Rose MAGNUM,I.G.P. Méditerranée - Francja,"Cinsault, Grenache, Rolle, Tibouren",,"Wino wytrawne. Zachwycający, jasnoróżowy kolor z pastelowymi refleksami. Przyjemny nos ukazujący bukiet aromatów czerwonych jagód i kwiatu wiśni. Na podniebieniu pełne, żywe, z wyraźnym posmakiem czerwonej pomarańczy i czerwonej porzeczki oraz z doskonale zrównoważoną mineralnością i lekką nutą goryczy. Długi, soczysty finisz będący pięknym dopełnieniem tego eleganckiego wina.","12,5","1,5L","144,00",CM.12.png,Francja,❌ brak pliku
DP.01,22/23,Białe,La Vieille Ferme Blanc Famille Perrin,Vin de France - Francja,Bourboulenc Grenache Blanc Ugni Blanc Vermentino,,"Wino wytrawne. Jasnożółta barwa z zielonymi refleksami. Nos z zielonymi owocami, pszenicą, orzechami laskowymi, migdałami, gruszką, grejpfrutem i płatkami białych kwiatów. W ustach delikatne, aromatyczne. Wino idealne jako aperitif oraz do wędzonych ryb, kurczaka i potraw kuchni śródziemnomorskiej.",13,75cl,"39,00",DP.01.png,Francja,Otwórz plik
DP.13,23,Różowe,La Vieille Ferme Rose Famille Perrin,Vin de France - Francja,"Cinsault, Grenache, Syrah",,"Wino wytrawne. Pastelowa, jasnoróżowa barwa. W aromacie świeże i owocowe z niuansami truskawek, brzoskwiń i liczi. Na podniebieniu świetnie zrównoważone, z wyczuwalnymi czerwonymi owocami i delikatną goryczką na finiszu. Serwować w temperaturze 10-12°C do ostryg, grillowanego białego mięsa, zimnych przekąsek, sałatki z pomidorów i innych lekkich warzywnych dań.","12,5",75cl,"39,00",DP.13.png,Francja,❌ brak pliku
DP.03,22,Czerwone,La Vieille Ferme Rouge Famille Perrin,Vin de France - Francja,"Carignan, Cinsault, Grenache, Syrah",,"Wino wytrawne. Lekkie wino pochodzące z winnic położonych na zboczach Mont Ventoux. Głęboka wiśniowa barwa. Nos bogaty w aromaty dojrzałych owoców oraz przypraw. W ustach zaznaczone czerwone owoce, takie jak czarna porzeczka, jeżyna, malina, zakończone finiszem o posmaku toffi i karmelu. Wino rekomendowane jako aperitif oraz do większości potraw.",13,75cl,"39,00",DP.03.png,Francja,Otwórz plik
DP.10,21,Czerwone,Gigondas „La Gille” Famille Perrin,A.O.C. Gigondas - Francja,"Grenache 60%, Syrah 40%",12 miesięcy,"Wino wytrawne. Piękny, głęboki rubinowo-czerwony kolor. Dosyć długa maceracja celem uzyskania miękkich tanin szczepu Grenache oraz podkreślenia finezji szczepu Syrah, oddającego wyrazisty kolor i dającego winu odpowiednią strukturę. Po fermentacji malolaktycznej krótka winifikacja w foudres lub stożkowych drewnianych kadziach przez 12 miesięcy. Mocny, złożony nos z nutami tytoniu, cygara, skóry, rozmarynu, runa leśnego i przypraw oraz zaznaczonym aromatem roślinnym „garrigue”. Na podniebieniu spójne z aromatami, świeże, doskonale zrównoważone z jedwabistymi taninami. Wino serwować w temperaturze 16°C w towarzystwie m.in. cielęciny, smardzów i łopatki jagnięcej. Nagrody: James Suckling 93/100.","14,5",75cl,"122,00",DP.10.png,Francja,❌ brak pliku
DP.14,23,Białe,Côtes du Rhône Réserve Blanc Famille Perrin,A.O.C. Côtes du Rhône - Francja,"Grenache blanc, Marsanne Roussanne, Viognier",,"Wino wytrawne. Piękna, jasnożółta barwa z błyszczącymi refleksami. Nos pełen świeżości i aromatów dojrzałych gruszek, kandyzowanej pigwy, z wyczuwalną nutą anyżu. Na podniebieniu krągłe i dobrze wyważone, ewoluujące od bardzo orzeźwiającego charakteru w kierunku aromatów drożdżowego ciasta i dojrzałych owoców. Długi, wyrazisty finisz z przyjemną teksturą. Podawać z delikatnymi, ale również ostrymi daniami (np. z dodatkiem szafranu), grillowanej ryby oraz zupy bouillabaisse. Świetna relacja jakość-cena.","13,5",75cl,"59,00",DP.14.png,Francja,❌ brak pliku
DP.05,21,Czerwone,Côtes du Rhône Réserve Rouge Famille Perrin,A.O.C. Côtes du Rhône - Francja,"60% Grenache, 20% Syrah, 20% Mourvedre",,"Wino wytrawne. Cotes Du Rhone Reserve-Perrin. Klasyczne Côtes du Rhône od bardzo uznanego producenta – rodziny Perrin. Blend szczepów Grenache, Mourvèdre, Syrah. Aromaty ciemnych owoców, jagód, wiśni, karmelu, przypraw, dymu, tchnienie zapachu skóry. Owocowe i mięsiste z przyjemnymi taninami i dobrym, trwałym zakończeniem. Podawać z grillowanym, pieczonym lub duszonym mięsem lub twardymi serami. Znakomite wino, które zawsze powinieneś mieć pod ręką!",14,75cl,"59,00",DP.05.png,Francja,Otwórz plik
DP.08,21,Czerwone,Les Sinards Chateauneuf- Du-Pape,A.O.C. Chateauneuf-du-Pape - Francja,"70% Grenache, 15% Syrah, 15% Mourvedre",,"Wino wytrawne. Ciemnoczerwona barwa. Bogata paleta aromatów takich jak wiśnia, lawenda, pieprz, śliwka i czekolada. W smaku krągłe, o dobrym połączeniu owoców i miękkich tanin oraz przyjemnym zakończeniu. Wino polecane do dziczyzny, potraw z truflami i grzybami. NAGRODY - 90 pkt - Wine Spectator, 90 pkt - Wine Advocate.","14,5",75cl,"199,00",DP.08.png,Francja,Otwórz plik
DP.09,22,Czerwone,Chateau de Beaucastel Chateauneuf -du-Pape,A.O.C. Chateauneuf-du-Pape - Francja,"30% Grenache, 30% Mourvèdre, 15% Syrah, 10% Counoise 10% Vaccarèse, Terret Noir, Muscardin, Clairette, Picpoul, Picardan, Bourboulenc, Roussanne, 5% Cinsault",12 miesięcy,"Wino wytrawne. Wielkie wino wyprodukowane z trzynastu odmian winogron uprawianych na obszarze 70-u hektarów organicznej winnicy. Dojrzewa przez rok w wielkich dębowych beczkach (40 hl) oraz dodatkowo 12 miesięcy w butelce. Ciemnoczerwona barwa. Nos z czerwonymi owocami, skórą, truflami, piżmem, cygarem. Mniej „zwierzęce” niż tradycyjne młode Beaucastel. Wino polecane do dziczyzny, potraw z truflami, grzybami, czerwonym mięsem. NAGRODY - 97 pkt - Wine Spectator, 96 pkt - Wine Advocate, TOP 100 – Wine Spectator.","14,5",75cl,"535,00",DP.09.png,Francja,Otwórz plik
SN.03,22,Białe,1901 Clos Saint Medie Blanc,A.O.P. Luberon - Francja,"Clairette, Ugni-blanc, Roussanne, Grenache Gris, Viognier",,"Wino wytrawne. Białe wino wyprodukowane ze szczepów Clairette, Ugni-blanc, Roussanne, Grenache Gris i Viognier. Złota barwa z zielonymi refleksami. Nos delikatny i złożony, delikatny z nutami białych kwiatów. W ustach gaszące pragnienie, z niuansami egzotycznych owoców, migdałów i brzoskwini. Wyraźny finisz z nutami świeżych owoców. Bardzo przyjemne wino, idealne na różne okazje.","12,5",75cl,"27,50",SN.03.png,Francja,❌ brak pliku
SN.04,22,Czerwone,1901 Clos Saint Medie Rouge,A.O.P. Luberon - Francja,"Syrah, Grenache Noir",,"Wino wytrawne. Czerwone wino wytrawne wyprodukowane z gron Syrah oraz Grenache Noir. Kolor ciemnoczerwony z refleksami granatu. Nos z niuansami czerwonych owoców, z aromatem konfitury i słodkiej lukrecji. Na podniebieniu jedwabiste i owocowe, z eleganckimi taninami. Świetnie komponuje się z terrinami i pasztetami z dziczyzny, pieczonymi mięsami, faszerowaną jagnięciną.","14,5",75cl,"27,50",SN.04.png,Francja,❌ brak pliku
SN.02,19,Czerwone,Chateau Saint Nazaire Grande Couvee Reserve Prestige,A.O.P. Saint Chinian - Francja,"40% Mourvèdre, 30% Grenache, 30% Syrah",12 miesięcy,"Wino wytrawne. Czerwone wino wytrawne wyprodukowane ze szczepów 40% Mourvèdre, 30% Grenache, 30% Syrah. Kolor ciemnoczerwony z refleksami granatu. Nos z niuansami czerwonych owoców, z aromatem konfitury, słodkiej lukrecji oraz z subtelnymi nutami garrigue. Na podniebieniu jedwabiste, z eleganckimi, miękkimi taninami oraz wyraźną obecnością czarnych i czerwonych owoców. Dobrze zbudowane, pozostawiające trwały finisz. Dojrzewało w beczce przez 12 miesięcy. Towarzysz szerokiej gamy potraw. Idealny wybór „w ciemno” gdy odwiedzamy znajomych lub gościmy ich u siebie.","14,5",75cl,"29,50",SN.02.png,Francja,❌ brak pliku
SC.02,22,Białe,Sancerre Blanc Domaine Fouassier,A.O.C. Sancerre - Francja,Sauvignon Blanc,,"Wino wytrawne. Wino z regionu Dolina Loary we Francji wyprodukowane w 100% ze szczepu Sauvignon Blanc. Sancerre jest jasne i świeże o bukiecie dojrzałego grejpfruta i skórki limonki, cytrynowej tarty. W smaku wyczuwalny koper włoski, cytrusy i lekka brzoskwina przeplatające się z miękkim, żywym, migdałowym finiszem. Domianes Fouassier to rodzinna posiadłość już od 10 pokoleń. Cała posiadłość jest uprawiana metodami organicznymi i biodynamicznymi, kalendarz księżycowy wyznacza zatem tempo pracy w winnicy: „W dobie standaryzacji byliśmy awangardą w winifikacji naszych win. Odrzucając nowoczesne techniki winiarskie, pozwoliliśmy naturze wykonać swoją pracę przy produkcji naszych win. Uprawiamy rolnictwo szanując glebę, wodę, istoty żywe i naturalne rytmy, aby produkować żywe wina. Dla nas jest to jedyny sposób, aby odzwierciedlić nasze wysublimowane terroirs Sancerre.”","13,5",75cl,"115,00",SC.02.png,Francja,❌ brak pliku
SP.01,23,Białe,Viognier Val Saint Pierre,I.G.P. Pays d’Oc - Francja,Viognier,,"Wino wytrawne. Wyprodukowane ze szczepu Viognier w apelacji IGP Pays d’OC w regionie Minervois z wpływem klimatu śródziemnomorskiego. Wino o intensywnym aromacie wiosennych kwiatów, moreli, brzoskwiń i mango. W ustach orzeźwiające. Świetne jako towarzysz lekkiej kuchni orientalnej, dań z rybą, białym mięsem, jednak z powodzeniem nadające się również jako lekki aperitif solo.",13,75cl,"29,90",SP.01.png,Francja,❌ brak pliku
ART.03,,Czerwone,Mazovia Arte Malina,Dwórzno - Francja,,,"Wino półsłodkie. Wino półsłodkie. Klasyczne polskie wino malinowe powstało z owoców z plantacji Winnicy Dwórzno. Wyprodukowane w tradycyjny sposób z w pełni dojrzałych owoców malin, specjalnie dla tego wina dłużej przetrzymanych na krzewach. W smaku ma świetnie zachowaną świeżość soku malinowego, ale jednocześnie jest gładkie z przyjemnym, aksamitnym finiszem. Wino malinowe w zimie rozgrzewa, zaś w lato, podawane schłodzone doskonale orzeźwia. Wyprodukowane w 100% ze świeżych owoców. Alk. 16%.",16,50cl,"39,50",ART.03.png,Francja,❌ brak pliku
ART.04,,Czerwone,Mazovia Arte Czarna porzeczka,Dwórzno - Francja,,,"Wino półsłodkie. Wino z owoców czarnej porzeczki uprawianych w Winnicy Dwórzno. Wyczuwalna wysoka kwasowość zrównoważona słodyczą i świeżością owocu dają silne i niepowtarzalne doznania smakowe. Wyrazisty smak i aromat dojrzałej czarnej porzeczki świadczy o staranności wykonania wina i o tym, że użyte zostały jedynie naturalne metody. Spożywać można zarówno schłodzone jak i w temperaturze pokojowej. Wyprodukowane w 100% ze świeżych owoców. Alk. 14%.",14,50cl,"39,50",ART.04.png,Francja,❌ brak pliku
PU.01,N/V,Białe,Nuwang Ume-Pflaume,EU,Blend,,"Wino słodkie. Nos z delikatnymi nutami śliwki. W smaku bardzo aromatyczne i słodkie. Wino odświeżające, o trwałym mocnym finiszu. Podawać z lodem lub z Prosecco. Dobre do sushi.",10,50cl,"17,90",PU.01.png,UE,❌ brak pliku
DO.01,21,Białe,Doryba,Lubuskie - Polska,"Riesling, Gewürztraminer, Pinot Gris, Muscat Ottonel",,"Wino wytrawne. Doryba to harmonijne wino powstałe z ręcznie zbieranych i selekcjonowanych gron. Urzeka słomkową barwą. Na jego niezwykle bogaty bukiet składają się aromaty jabłka, brzoskwini, owoców tropikalnych i białych kwiatów. W ustach świeże i owocowe. Towarzysz dań na bazie ryb, drobiu oraz potraw wegetariańskich. Podawać w temperaturze 6-8 °C.","12,5",75cl,"55,00",DO.01.png,Polska,❌ brak pliku
DO.02,20,Czerwone,Pobyku,Lubuskie - Polska,"Rondo, Pinot Noir",,"Wino wytrawne. Pobyku to intensywne, dobrze zbudowane wino powstałe z ręcznie zbieranych i selekcjonowanych gron szczepów Rondo i Pinot Noir. Urzeka ciemnorubinową barwą oraz aromatami dojrzałych owoców leśnych (jeżyny, jagody), śliwek i czarnych wiśni. Lekko zaznaczone taniny. Doskonały towarzysz czerwonych mięs. Podawać w temperaturze 16 -18 °C.","12,5",75cl,"55,00",DO.02.png,Polska,❌ brak pliku
DO.03,21,Białe,Elekta,Lubuskie - Polska,"Riesling, Gewürztraminer, Pinot Gris, Muscat Ottonel",,"Wino wytrawne. Elekta to hojne, dobrze zbudowane wino powstałe z ręcznie zbieranych winogron. Zachwyca słomkową barwą oraz intensywnym, ale wciąż harmonijnym bukietem dojrzałych owoców, takich jak gruszka, jabłko, morela, owoce tropikalne i jasne kwiaty. Na podniebieniu bardzo owocowe i orzeźwiające. Doskonałe do potraw wegetariańskich, wegańskich oraz dań na bazie ryb i drobiu. Podawać w temperaturze 6-8 °C.","12,5",75cl,"59,00",DO.03.png,Polska,Otwórz plik
DO.04,20,Czerwone,Elekta,Lubuskie - Polska,"Rondo, Pinot Noir",,"Wino wytrawne. Elekta to dobrze zbudowane, bogate wino, wyprodukowane z ręcznie zbieranych winogronach szczepu Rondo i Pinot Noir. Głęboka rubinowa barwa oraz intensywne aromaty dojrzałych owoców, takich jak czereśnie, jeżyny, śliwki, jagody, maliny i wiśnie, zachwycą każdego poszukującego ciekawej winnej propozycji do potraw z czerwonego mięsa czy grillowanych warzyw. Wino jest eleganckie, z lekko zaznaczonymi taninami. Podawać w temperaturze 16 -18 °C.","12,5",75cl,"59,00",DO.04.png,Polska,Otwórz plik
DO.05,22,Białe,Souvignier Gris II Winnica Fredrówka,Polska,Souvignier Gris,,"Wino wytrawne. Wino białe o subtelnym aromacie żółtych i białych owoców, głównie cytrusów, jabłek i gruszek, z nutami ziołowymi. W ustach eleganckie, dobrze zbalansowane. Polecane do ryb, owoców morza, serów i makaronów z sosami serowymi.",12,75cl,"45,00",DO.05.png,Polska,❌ brak pliku
DO.06,22,Białe,Solaris Winnica Fredrówka,Polska,Solaris,,"Wino półwytrawne. Wino białe o intensywnym aromacie cytrusów, brzoskwiń, gruszek i dojrzałych jabłek, z nutami kwiatowymi. W ustach pełne, bardzo dobrze zbalansowane. Polecane do dań z białego mięsa, pikantnych serów oraz jako aperitif.","11,5",75cl,"45,00",DO.06.png,Polska,❌ brak pliku
DO.07,22,Czerwone,Red Winnica Fredrówka,Polska,Blend,,"Wino wytrawne. Wino czerwone pełne owocowych aromatów jeżyn, czarnych porzeczek, malin i wiśni. W smaku świeże i delikatne. Pasuje do lekkich dań z czerwonego mięsa, grillowanych warzyw, pizzy, wędlin i serów.",12,75cl,"45,00",DO.07.png,Polska,❌ brak pliku
GO.15,N/W,Białe,Marani Rkatsiteli Białe,Kakheti - Gruzja,Rkatsiteli,,"Wino półwytrawne. Wino o jasnym, słomkowym kolorze, powstałe z gron szczepu Rkatsiteli uprawianych w rejonie Kakheti, we wschodniej części Gruzji. Wino o harmonijnym aromacie kwiatów i cytrusów. Pełne świeżości i subtelności w ustach. Najlepiej smakuje z owocami morza i świeżymi sałatkami. Serwować w temperaturze 10°C.","11,5",75cl,"22,90",GO.15.png,Gruzja,Otwórz plik
GO.14,N/W,Czerwone,Marani Saperavi Czerwone,Kakheti - Gruzja,Saperavi,,"Wino półwytrawne. Czerwone, półwytrawne wino wyprodukowane i butelkowane w Gruzji. Powstałe z gron Saperavi, uprawianych w gruzińskim regionie Kakheti. Charakteryzuje się intensywnym kolorem oraz niepowtarzalnym smakiem i aromatem dojrzałych ciemnych owoców, takich jak czarna porzeczka, czereśnie, śliwka, jagody i jeżyny. W ustach aksamitne, krągłe, dobrze ułożone taniny. Podawać w temperaturze: 12-14 °C.",12,75cl,"22,90",GO.14.png,Gruzja,Otwórz plik
EG.04,23,Białe,Egri Csillag,Eger - Węgry,"Italian Riesling, Zenit, Pinot Gris, Rhine Riesling, Hárslevelű",,"Wino wytrawne. Wyprodukowane ze szczepu Italian Riesling i Zenit, z dodatkiem szczepu Pinot Gris, Rhine Riesling i Hárslevelű. Wino o świeżym, owocowym charakterze z wyraźną nutą białych kwiatów. Na podniebieniu dobrze zbalansowana, orzeźwiająca kwasowość. Rekomendowane do ryby z grilla, kurczaka i sałatek. Świetnie się sprawdzi również solo.",12,75cl,"19,50",EG.04.png,Węgry,❌ brak pliku
EG.05,22,Czerwone,Egri Bikaver,Eger - Węgry,"Blauburger, Cabernet Sauvignon, Pinot Noir, Cabernet Franc, Turán",,"Wino wytrawne. Wyprodukowane ze szczepu Kékfrankos oraz międzynarodowych i endemicznych szczepów takich jak Blauburger, Cabernet Sauvignon, Pinot Noir, Cabernet Franc i Turán. Zabutelkowane po 2 latach dojrzewania w beczce. W aromacie bogaty bukiet czerwonych owoców, jagód i jeżyn z urzekającą lekką nutą słodkich przypraw. W ustach przyjemne, miękkie taniny podkreślające smaki spójne z aromatami. Wino polecane do dań z czerwonego mięsa, pizzy i makaronów.",12,75cl,"19,50",EG.05.png,Węgry,❌ brak pliku
GR.02,21,Czerwone,Fanaberi Pomegranate Pinot Noir,Węgry,Pinot Noir,,"Zachwycające intensywną, rubinową barwą oraz bogatym aromatem Fanaberi zostało wyprodukowane z najlepszych gron szczepu Pinot Noir. Wino zachwyca nutami świeżych, soczystych czerwonych owoców, w szczególności przywołuje aromat owocu granatu. Doskonałe jako aperitif oraz idealny towarzysz owocowych ciast i deserów.",10,75cl,"19,90",GR.02.png,Węgry,Otwórz plik
JR.01,N/V,Białe,Jean Remi Demi-Sec,EU,Blend,,Wino musujące półwytrawne. Półwytrawne wino musujące o bogatej owocowej nucie. Świetne jako aperitif oraz do delikatnych dań i deserów. Podawać schłodzone w temperaturze 6oC.,11,75cl,"18,50",JR.01.png,UE,❌ brak pliku
TD.09,N/V,Białe,Icy Spumante Villa Loren Extra Dry,Veneto - Włochy,Blend,,"Wino musujące półwytrawne. Kolor słomkowożółty. W aromacie przyjemnie świeże z nutami egzotycznych owoców. Na podniebieniu miękkie i kremowe. Serwować jako aperitif, do dań na bazie ryb oraz do lekkich sałat w temperaturze 6 - 8° C. Wino świetnie się sprawdza również podawane na zakończenie posiłku.",11,75cl,"22,90",TD.09.png,Włochy,Otwórz plik
RO.06,N/V,Białe,Frizzante Casa Burti Flute,Veneto - Włochy,"Garganega, Pinot Grigio, Chardonnay",,"Wino musujące wytrawne. Dobrze zbalansowane, pełne energii wino musujące. Ujmujące kwiatowe aromaty z wyraźnym głogiem, soczystymi owocami cytrusowymi i zielonym jabłkiem. Przede wszystkim idealny aperitif a także polecany do sałatek, owoców morza, przekąsek, drobiu czy ryby. Kwasowość 5,2g/l, cukier resztkowy 11,5g/l.","10,5",75cl,"22,90",RO.06.png,Włochy,❌ brak pliku
AZG.13,N/V,Białe,Michel Schneider Chardonnay,Niemcy,Chardonnay,,"Wino bezalkoholowe wytrawne. Bezalkoholowe wino z delikatnie zaznaczoną kwasowością. W smaku przywołuje owoce cytrusowe, jabłko, ananas. Świetne jako aperitif a odpowiednio schłodzone znakomity towarzysz do kurczaka, indyka, ryby, owoców morza, gotowanych warzyw, delikatnych serów a także dań z grzybami.",0,75cl,"27,50",AZG.13.png,Niemcy,Otwórz plik
AZG.14,N/V,Czerwone,Michel Schneider Cabernet Sauvignon,Niemcy,Cabernet Sauvignon,,"Wino bezalkoholowe wytrawne. Bezalkoholowe wino z przyjemnymi taninami. Zdecydowane aromaty ciemnej wiśni, czarnej porzeczki oraz jeżyn z nutami fiołków i czarnego pieprzu. Rekomendowane do potraw mięsnych, steka, burgerów, żeberek czy aromatycznych serów.",0,75cl,"27,50",AZG.14.png,Niemcy,Otwórz plik
MR.06,N/V,Białe,Arts de Luna 0 % Sparkling Murviedro VEGAN,Vino De La Tierra de Castilla - Hiszpania,Blend,,"Wino musujące wytrawne. Barwa jasnożółta z zielonymi odcieniami. Aromatyczne, z orzeźwiającymi nutami owoców tropikalnych, takich jak marakuja i innych śródziemnomorskich cytrusów. Na podniebieniu bogate, kremowe, ale jednocześnie świeżo owocowe z lekko słodkim akcentem. Idealne jako aperitif, do wszelkiego rodzaju ryb, owoców morza i paelli, a nawet jako baza do koktajli. Podawać dobrze schłodzone, w temperaturze około 4C. Produkt odpowiedni dla sportowców, kobiet w okresie ciąży, wegan i wegetarian.",0,75cl,"27,90",MR.06.png,Hiszpania,❌ brak pliku
TD.14,N/V,Białe,Franc Lizer Blanc De Blanc Vino Spumante,Włochy,Glera,,"Wino bezalkoholowe mysyjące wytrawne. Franc Lizer Blanc de Blanc Vino Spumante to wysokiej klasy wino bezalkoholowe. Wino o świeżych owocowych aromatach z mineralną nutą zostało wytwarzane tradycyjnie i poddane procesie dealkoholizacji. W nosie lekkie owocowe nuty jabłka i przekonujące nuty białych kwiatów. Niska kaloryczność i zero alkoholu powodują, że możesz cieszyć się tym trunkiem z pełnym poszanowaniem zdrowia. Na podniebieniu przyjemna kwasowość w doskonałej równowadze z delikatną słodyczą. Idealny wybór na każdą okazję i każdą porę dnia! NAGRODY: IWSC 2023 – Brązowy Medal, Mundus Vini Bezalkoholowy 2023 – Srebrny Medal, Gilbert & Gallard 2023 – Złoty Medal",0,75cl,"49,00",TD.14.png,Włochy,Otwórz plik
TD.15,N/V,Rożowe,Franc Lizer Vino Spumante Rose,Włochy,"Glera, Merlot",,"Wino bezalkoholowe wytrawne. Franc Lizer Vino Spumante Rose to wysokiej klasy wino bezalkoholowe. W nosie lekkie owocowe nuty jabłka i przekonujące nuty białych kwiatów. Niska kaloryczność i zero alkoholu powodują, że możesz cieszyć się tym trunkiem z pełnym poszanowaniem zdrowia. Na podniebieniu przyjemna kwasowość w doskonałej równowadze z delikatną słodyczą. Idealny wybór na każdą okazję i każdą porę dnia! NAGRODY: IWSC 2023 – Brązowy Medal, Mundus Vini Non Alcoholic Competition 2024 – Srebrny Medal, Gilbert & Gallard 2023 – Złoty Medal.",0,75cl,"49,00",TD.15.png,Włochy,Otwórz plik
NV.01,NV,Białe,Vino de Calidad (Bag in Box),Hiszpania,Airen,,"Wino wytrawne. Nos z mineralnymi nutami oraz delikatnym tchnieniem płatków róży. W smaku dobrze zbudowane z wyczuwalnymi nutami ziołowymi i owocami tropikalnymi. Rekomendowane do owoców morza, serów, drobiu, zup, sałat i białego mięsa.",11,3L,"55,00",NV.01.png,Hiszpania,❌ brak pliku
NV.02,NV,Czerwone,Vino de Calidad (Bag in Box),Hiszpania,"Tannat, Merlot",,"Wino wytrawne. Rubinowa barwa. Skoncentrowany bukiet ciemnych owoców. Wino, które idealnie pasuje do dań mięsnych, dziczyzny, twardych serów.",11,3L,"55,00",NV.02.png,Hiszpania,❌ brak pliku
PZ.03,NV,Białe,Arnaud de Villenueve L’instant Plaisir (Bag in Box),I.G.P Vin de Pays des Cotes Catalanes - Francja,"Ugni Blanc, Colombard.",,"Wino wytrawne. Wino z aromatem egzotycznych owoców, z wyraźnie zaznaczonym ananasem. W smaku rześkie, dobrze wyważone. Szczególnie polecane do grillowanych ryb i sałatek.","12,5",5L,"99,00",PZ.03.png,Francja,❌ brak pliku
PZ.04,NV,Czerwone,Arnaud de Villenueve L’instant Plaisir (Bag in Box),I.G.P Vin de Pays des Cotes Catalanes - Francja,Merlot,,"Wino wytrawne. Intensywna, ciemnoczerwona barwa. Bardzo przyjemne owocowe aromaty. Wino szczególnie polecane do serów i grillowanego mięsa.","12,5",5L,"99,00",PZ.04.png,Francja,❌ brak pliku
MM.04,2005,Czerwone,Manuel Manzaneque Nuestra Seleccion,D.O. Finca Elez - Hiszpania,"40% Cabernet Sauvignon, 40% Tempranillo, 20% Merlot",,"Wino wytrawne. Wino z winnicy El Bonillo położonej na wysokości 1 080 metrów w prowincji Albacete. Dojrzewa 18 miesięcy w dębowej beczce. Z wyraźnymi dojrzałymi czerwonymi owocami, tostem oraz lekko mineralną nutą. W ustach bogate, mocne, z tchnieniem śliwkowej konfitury. Rewelacyjnie zachowana kwasowość.",13,75cl,"69,80",MM.04.png,Hiszpania,Otwórz plik
AR.08,19,Czerwone,Torre Cerere Montepulciano D’Abruzzo Riserva,D.O.C. Montepulciano D’Abruzzo - Włochy,Montepulciano,,"Wino wytrawne. Wino z Abruzji, które dojrzewa 12 miesięcy w beczce oraz dodatkowo 12 miesięcy w tankach ze stali nierdzewnej. Intensywny bukiet z wyraźną wiśnią, do której w miarę czasu starzenia w butelce dołączają aromaty jeżyn oraz lukrecji. W smaku wytrawne, krągłe, pełne ciała z przyjemnymi nutami ziół. Doskonałe do pieczeni, dziczyzny, grilowanego mięsa i serów.","13,5",75cl,"38,50",AR.08.png,Włochy,Otwórz plik
MW.02,17,Czerwone,McWilliam’s Shiraz,New South Wales - Australia,Shiraz,,"Wino wytrawne. Przyjemny, pełny ciała Shiraz z Australii, który dojrzewał w amerykańskiej i francuskiej beczce. Dominujące aromaty malin, czarnej porzeczki i wiśni uzupełniają nuty przypraw typu czarny pieprz. Lekko słodkie dębowe akcenty dodają złożoności oraz wprowadzają do znakomitego zakończenia. Kwasowość 3,69 g/l, cukier resztkowy 4,90 g/l.","13,5",75cl,"38,00",MW.02.png,Australia,Otwórz plik
SC.04,22,Białe,Secret Coast,Marlborough - Nowa Zelandia,Sauvignon Blanc,,"Wino wytrawne. Winogrona zbierane z kilku winnic w Marlborough w momencie osiągnięcia odpowiedniego poziomu dojrzałości. Po zbiorze starannie wyselekcjonowane. Fermentacja odbywała się w zbiornikach ze stali nierdzewnej o kontrolowanej temperaturze zachowując w ten sposób intensywne, owocowe aromaty szczepu Sauvignon Blanc oraz charakter terroir Marlborough. Orzeźwiający Sauvignon Blanc z nutą agrestu i cytrusów oraz z wyczuwalną mineralnością i długim finiszem na podniebieniu.","12,5",75cl,"49,00",SC.04.png,Nowa Zelandia,❌ brak pliku
MR.35,,Białe,Murviedro Coleccion Sauvignon Blanc,Vino De La Tierra de Castilla - Hiszpania,Sauvignon Blanc,,"Wino wytrawne. Aromaty żywe, przywołujące natychmiast tropikalne, dojrzałe owoce typu kiwi, biała brzoskwinia czy zielona nektarynka. Wino idealne jako aperitif a także do ryby, risotto czy dań kuchni orientalnej. Podawaj schłodzone w temperaturze 6-8oC.","12,5",75cl,"5,00",MR.35.png,Hiszpania,Otwórz plik
AT.01,23,Białe,Grüner Veltliner Federspiel,Wachau - Austria,Grüner Veltliner 100%,,"Wino wytrawne. Jasna, słomkowa barwa. Aromaty białych owoców, zielonego jabłka i delikatnych przypraw. W smaku świeże, mineralne z charakterystyczną nutą białego pieprzu. Idealne do lekkich dań, sałatek i drobiu.","12,5",75cl,"45,00",AT.01.png,Austria,❌ brak pliku
AT.02,22,Białe,Riesling Smaragd,Wachau - Austria,Riesling 100%,,"Wino wytrawne. Intensywne aromaty brzoskwini, moreli i cytrusów. W smaku pełne, z wyraźną kwasowością i długim, mineralnym finiszem. Doskonałe do owoców morza, białych mięs i dań z kuchni azjatyckiej.",13,75cl,"65,00",AT.02.png,Austria,❌ brak pliku
AT.03,21,Czerwone,Blaufränkisch Reserve,Burgenland - Austria,Blaufränkisch 100%,18 miesięcy,"Wino wytrawne. Głęboka, rubinowa barwa. Aromaty ciemnych owoców, czarnej porzeczki i przypraw z nutą dębu. W smaku pełne, z dobrze zintegrowanymi taninami i długim finiszem. Dojrzewało 18 miesięcy w dębowych beczkach. Idealne do dziczyzny i czerwonych mięs.","13,5",75cl,"55,00",AT.03.png,Austria,❌ brak pliku
AT.04,22,Czerwone,Zweigelt Classic,Niederösterreich - Austria,Zweigelt 100%,6 miesięcy,"Wino wytrawne. Rubinowa barwa z fioletowymi refleksami. Aromaty wiśni, czereśni i delikatnych przypraw. W smaku soczyste, owocowe z miękką taniną. Dojrzewało 6 miesięcy w dębowych beczkach. Doskonałe do makaronów, pizzy i grillowanych mięs.",13,75cl,"38,00",AT.04.png,Austria,❌ brak pliku
AT.05,23,Białe,Gelber Muskateller,Steiermark - Austria,Gelber Muskateller 100%,,"Wino wytrawne. Jasna, słomkowa barwa. Intensywne aromaty winogron, brzoskwini i kwiatów. W smaku świeże, owocowe z wyraźną kwasowością. Idealne jako aperitif lub do lekkich sałatek i dań wegetariańskich.",12,75cl,"42,00",AT.05.png,Austria,❌ brak pliku
AT.06,21,Białe,Weissburgunder Reserve,Südsteiermark - Austria,Weissburgunder (Pinot Blanc) 100%,8 miesięcy,"Wino wytrawne. Złota barwa. Eleganckie aromaty dojrzałych jabłek, gruszek i orzechów. W smaku pełne, kremowe z nutą wanilii. Dojrzewało 8 miesięcy w dębowych beczkach. Doskonałe do ryb, drobiu i kremowych sosów.","13,5",75cl,"58,00",AT.06.png,Austria,❌ brak pliku
AT.07,20,Czerwone,St. Laurent Reserve,Carnuntum - Austria,St. Laurent 100%,14 miesięcy,"Wino wytrawne. Głęboka, rubinowa barwa. Aromaty wiśni, jeżyn i przypraw z nutą czekolady. W smaku eleganckie, z jedwabistymi taninami i długim finiszem. Dojrzewało 14 miesięcy w dębowych beczkach. Idealne do kaczki, gęsi i dojrzewających serów.",14,75cl,"62,00",AT.07.png,Austria,❌ brak pliku
AT.08,22,Białe,Neuburger Alte Reben,Thermenregion - Austria,Neuburger 100%,6 miesięcy,"Wino wytrawne. Złota barwa. Aromaty dojrzałych owoców, migdałów i ziół. W smaku pełne, z dobrą strukturą i długim finiszem. Dojrzewało 6 miesięcy w dużych dębowych beczkach. Doskonałe do tradycyjnych austriackich dań, jak Wiener Schnitzel.",13,75cl,"48,00",AT.08.png,Austria,❌ brak pliku